项目名称,项目编号,发包方名称,发包方联系人,时间,合同金额
昌平区北七家镇沟自头村定向安置房项目第一施工区域结构劳务分包工程,2019Z20001252,北京住总第六开发建设有限公司,靳国忠,2019-07-07 00:00:00.0,8776740.00
小井新村二期回迁房项目（A9#住宅楼等9项）,2019F20005471,北京城建建设工程有限公司,苗林庆,2019-07-09 00:00:00.0,19540931.91
二友居肉饼回龙观店装修工程,2019F20005871,北京华特装饰艺术有限责任公司,孔会敏,2019-07-08 00:00:00.0,235000.00
通州口岸（YZ00-0606-0014地块）F3其他类多功能用地项目（二标段）机电安装工程（电气工程）,2019Z20001386,北京市设备安装工程集团有限公司,桑振宇,2019-07-08 00:00:00.0,2950000.00
长阳镇人民政府赵庄村供排水改造工程,2019F20005482,保定建业集团有限公司,张兰柱,2019-07-08 00:00:00.0,5675600.00
北京市朝阳区顺白路（北苑东路~奶西村三号路）道路工程-污水工程劳务1#标,2019F20005695,北京市市政一建设工程有限责任公司,-,2019-07-08 00:00:00.0,473865.09
小井新村二期回迁房项目（A9#住宅楼等9项）,2019F20005468,北京城建建设工程有限公司,苗林庆,2019-07-07 00:00:00.0,60233193.76
北京市顺义区公路日常维护服务1#承包工程,2019Z20001355,北京路桥瑞通养护中心有限公司,王凤平,2019-07-08 00:00:00.0,9290400.00
同方国际公寓（二期）项目（1#住宅楼等4项）施工临时排水工程,2019F20005350,北京北排建设有限公司,石磊,2019-06-30 00:00:00.0,81370.00
康家沟电保基地改造工程-弱电、消防配管、线槽施工劳务工程,2019Z20001291,北京住总集团有限责任公司,/,2019-06-26 00:00:00.0,2407294.92
延庆区延庆新城YQ00-0300-0058（世园会二期）R2二类居住用地、B4综合性商业金融服务业用地项目23#、26#商品住宅项目结构劳务工程,2019Z20001274,北京城建北方集团有限公司,王德国,2019-06-29 00:00:00.0,8686096.25
豆各庄3、4号地通惠灌渠东侧地块东城区旧城保护定向安置房项目4-07#、4-08#住宅楼、4-11#幼儿园、车库（南）二次结构2标段,2019F20005963,中国新兴建设开发有限责任公司,马健峰,2019-06-26 00:00:00.0,774000.00
（3#住宅楼（商品房））（3#住宅楼（商品房）等2项（顺义区仁和镇SY00-0005-6007、6005地块R2二类居住用地（配建“限价商品住房”）项目））,2019F20005648,北京城建北方集团有限公司,王德国,2019-06-26 00:00:00.0,614187.80
北京大学餐饮综合楼工程,2019F20005639,中铁建设集团设备安装有限公司,谭学彪,2019-06-26 00:00:00.0,405115.36
黄寺大街25#.27#院供热改造工程,2019F20005300,北京易成市政工程有限责任公司,强兵,2019-06-26 00:00:00.0,967400.00
通州文化旅游区群芳东四路（曹园南大街—万盛南街）等九条路10千伏电力工程01标段,2019F20005429,北京市设备安装工程集团有限公司,桑振宇,2019-06-27 00:00:00.0,500000.00
2018年怀柔区普通公路水毁设施恢复重建工程（琉璃庙漫水桥）,2019F20005291,北京路桥瑞通养护中心有限公司,王凤平,2019-06-27 00:00:00.0,487500.00
未来科技城南区A14组团项目消防工程,2019F20005210,北京东方京安消防工程有限公司,王绍华,2019-06-26 00:00:00.0,300000.00
（4#住宅楼（商品房））（3#住宅楼（商品房）等2项（顺义区仁和镇SY00-0005-6007、6005地块R2二类居住用地（配建“限价商品住房”）项目））,2019F20005651,北京城建北方集团有限公司,王德国,2019-06-26 00:00:00.0,846254.15
北京地铁六号线西延工程土建施工06合同段苹果园站过街通道施工竖井及横通道初期支护工程施工,2019F20005473,中铁十四局集团有限公司,吴言坤,2019-06-24 00:00:00.0,2000000.00
青年路（朝阳路-朝阳北路）道路工程（施工）道路工程（施工）二道沟河主桥工程,2019F20005283,北京鑫旺路桥建设有限公司,陈东旭,2019-06-25 00:00:00.0,908950.00
北京地铁3号线3标石佛营站施工横通道及1#竖井二衬工程,2019Z20001255,北京市政建设集团有限责任公司,刘其铎,2019-06-25 00:00:00.0,7231750.00
北京国际戏剧中心报房胡同道路保护工程,2019Z20001197,北京易成市政工程有限责任公司,强兵,2019-06-24 00:00:00.0,1145973.85
后大营110KV变电站辅助生产工程二次结构及装修劳务分包工程,2019F20005227,北京崇建工程有限公司,赵亮,2019-06-25 00:00:00.0,253010.00
北京市大兴区旧宫镇YZ00-0801-0039-6001地块R2类居住、A61机构养老设施用地项目叠拼外幕墙工程-幕墙及脚手架劳务分包工程,2019F20004545,中铁建工集团装饰工程有限公司,寇建华,2019-06-25 00:00:00.0,1820000.00
5#住宅楼等6项机电安装劳务工程,2019F20005522,中国建筑第八工程局有限公司,校荣春,2019-06-25 00:00:00.0,17466243.54
商业、办公等2项（崇外大街五号地西南角商业金融项目（新景商务楼））,2019Z20001264,北京城建亚泰建设集团有限公司,曹国章,2019-06-25 00:00:00.0,3300301.00
和顺大街（永大西路-魏永路）电力管道工程,2019Z20001217,北京市市政四建设工程有限责任公司,/,2019-06-25 00:00:00.0,5380860.00
北京信息科技大学新校区建设工程风雨操场等公共用房和研究生、留学生宿舍组团项目机电工程（结构配合）电气工程,2019F20005613,北京市第三建筑工程有限公司,王栋,2019-06-25 00:00:00.0,469027.00
北京中医药大学良乡校区西院锅炉房项目,2019F20005621,北京市设备安装工程集团有限公司,-,2019-06-23 00:00:00.0,986523.00
天坛街道2018年百街千巷环境整治提升TT-4工程-永内东街西里7号楼南侧室内整治提升,2019F20005294,北京市市政一建设工程有限责任公司,/,2019-06-24 00:00:00.0,479215.20
昌平区北七家CP-0203-0007等地块R2二类居住用地、A33基础教育用地—Ⅱ标段总包办公区、及主路临设劳务工程,2019F20005062,北京城建北方集团有限公司,张权,2019-06-24 00:00:00.0,79666.37
昌平区北七家镇沟自头村定向安置房项目水电安装劳务工程,2019Z20001249,北京住总第六开发建设有限公司,靳国忠,2019-06-23 00:00:00.0,4375703.00
新馨苑居住区-646地块公租房及配套工程,2019F20005383,北京海化联合防水保温工程有限公司,李勇,2019-06-22 00:00:00.0,4900000.00
地球系统数值模拟装置项目,2019F20005007,中铁建设集团有限公司,郝长江,2019-06-22 00:00:00.0,6494050.56
背街小巷环境建设项目-永定路街道正大路。,2019F20005049,北京市常青市政工程有限公司,任有旺,2019-06-24 00:00:00.0,400000.00
北京市朝阳区观音堂沟、通惠西排干沟流域河道截污管线工程—观音堂沟临时管线工程,2019Z20001145,北京城建集团有限责任公司,陈代华,2019-06-24 00:00:00.0,1819927.00
餐饮、住宿及配套设施主体装修工程,2019Z20001245,北京建工四建工程建设有限公司,孙振泉,2019-06-22 00:00:00.0,4888954.00
西站南路南延（丽泽路-南三环路）道路工程桥梁工程K0+434.144U型槽,2019F20005303,北京市市政六建设工程有限公司,-,2019-06-24 00:00:00.0,434909.57
2019年乡村公路大修工程-南口镇,2019F20005672,北京城建道桥建设集团有限公司,姚自然,2019-06-23 00:00:00.0,990304.00
草桥有机质生态处理中心升级改造项目（水电）工程结算,2019F20005612,北京市第三建筑工程有限公司,王栋,2019-06-25 00:00:00.0,565130.00
密云区“7.16”水毁乡村公路及桥梁修复工程第1标段-西黄路,2019F20005157,北京路桥瑞通养护中心有限公司,王凤平,2019-06-23 00:00:00.0,700000.00
通州区台湖镇104地块F3其他类多功能用地项目（6#楼（办公）等8项）（6#13#14#楼地下部分及对应车库）,2019Z20001176,北京城建七建设工程有限公司,刘新,2019-06-23 00:00:00.0,9928509.00
外经贸大厦空铺门店项目之装饰、电气工程施工,2019F20005550,广东爱得威建设（集团）股份有限公司,叶玉敬,2019-06-23 00:00:00.0,49646.00
北京城市副中心职工周转房（南区）项目脚手架施工综合劳务,2019F20005680,北京六建集团有限责任公司,王春雨,2019-06-25 00:00:00.0,971320.14
2019年度北京市昌平区普通公路小修保养服务（交通设施）项目,2019Z20001257,北京路桥瑞通养护中心有限公司,王凤平,2019-06-25 00:00:00.0,2108100.00
荷清路3号院景观提升改造项目,2019F20005534,北京路桥海威园林绿化有限公司,王化丛,2019-06-25 00:00:00.0,429263.28
中国医学科学院肿瘤医院住院综合楼工程项目,2019F20005208,中煤地质集团有限公司,林中湘,2019-06-26 00:00:00.0,850000.00
通州区台湖镇104地块F3其他类多功能用地项目（6#楼（办公）等8项）（7#8#楼地上结构部分）,2019Z20001179,北京城建七建设工程有限公司,陈新,2019-06-25 00:00:00.0,8258917.50
2019年延庆区乡村公路小修工程,2019F20005305,北京路桥瑞通养护中心有限公司,王凤平,2019-06-26 00:00:00.0,308000.00
康弘国际生产及研发中心建设项目,2019F20005966,中国新兴建设开发有限责任公司,马健峰,2019-06-26 00:00:00.0,2944259.00
门头沟区2018年乡村公路桥梁大修工程,2019F20005299,北京路桥瑞通养护中心有限公司,王凤平,2019-06-26 00:00:00.0,43700.00
北京昌平区1-45#住宅楼等11项（嘉泽生态住宅小区二期项目）小市政分包工程,2019F20005277,北京市常青市政工程有限公司,任有旺,2019-06-25 00:00:00.0,154800.00
通州区通怀路附属设施中修工程（K7+258-K11+438）,2019F20005281,北京路桥瑞通养护中心有限公司,王凤平,2019-06-26 00:00:00.0,492564.00
2019年老旧小区综合整治提升工程（八里庄南里）10标段,2019F20005793,北京亮堂建筑装饰工程有限公司,王文才,2019-06-25 00:00:00.0,1534823.00
2018年海淀区学院路街道老旧小区综合整治项目东王庄小区东段、志新西路7号院外线、室外铺装分包工程,2019F20005152,北京市铁源市政建筑有限公司,胡来顺,2019-06-24 00:00:00.0,300000.00
5号研发楼（北京炼焦化学厂能源研发科技中心项目）,2019F20005661,北京首华建设经营有限公司,徐维恒,2019-06-24 00:00:00.0,1066323.90
顺义区委政法委、区检察院联合办公楼维修改造工程-弱电工程,2019F20005025,北京益泰牡丹电子工程有限责任公司,丁燕,2019-06-24 00:00:00.0,650000.00
北京东站货场铁路职工住房项目A地块工程临设土建分包工程,2019F20005241,中铁建设集团有限公司,赵伟,2019-06-25 00:00:00.0,714051.09
经海一路（科创十七街～科创六街）道路改造工程3标段 文明施工合同,2019F20005304,北京市市政二建设工程有限责任公司,/,2019-06-25 00:00:00.0,462000.00
北京建工集团党校学员宿舍楼装修改造工程—装修工程,2019F20005414,北京市第五建筑工程集团装饰工程有限公司,齐瑞,2019-06-24 00:00:00.0,962014.31
天坛街道2018年百街千巷环境整治提升TT-4工程-水道子胡同、西园子三巷室外道路维修改造,2019F20004957,北京市市政一建设工程有限责任公司,高飞,2019-06-24 00:00:00.0,450000.00
北京建工集团党校学员宿舍楼装修改造工程—安装工程,2019F20005382,北京市第五建筑工程集团装饰工程有限公司,/,2019-06-24 00:00:00.0,991836.67
密云区G234国道大修工程（k62+220-k81+600),2019F20005155,北京路桥瑞通养护中心有限公司,王凤平,2019-06-23 00:00:00.0,843660.00
首都体育馆改扩建等项目,2019F20005005,中国建筑第八工程局有限公司,校荣春,2019-06-23 00:00:00.0,9988116.78
地铁14号线15标高家园缓建工程竖井、换乘通道、风道及出入口暗挖工程,2019Z20001256,北京市政建设集团有限责任公司,刘其铎,2019-06-23 00:00:00.0,9875000.00
北京轨道交通新机场线一期工程土建03标二工区03段,2019Z20001171,北京市政路桥股份有限公司,李军,2019-06-24 00:00:00.0,1638800.00
延崇高速公路（北京段）工程第八合同段桥梁施工,2019F20005211,中铁十五局集团有限公司,张喜胜,2019-06-24 00:00:00.0,2050000.00
门头沟新城冯村地区（一期）居住项目A地块东区（二期）洋房工程,2019F20005068,华润建筑有限公司,孙永强,2019-06-23 00:00:00.0,2850544.53
广渠路东延（怡乐西路-东六环路）道路工程2#标段,2019F20005160,北京市政路桥管理养护集团有限公司,李青林,2019-06-23 00:00:00.0,593800.00
昌平区南邵镇（昌平新城东区六期（东））0302-57地块F1住宅混合公建用地（配建“公共租赁住房”项目。（1#商品住宅等5项）-消防项目,2019F20005018,北京奥信建筑工程设备安装有限公司,赵剑,2019-06-23 00:00:00.0,860308.00
首钢二通厂南区棚改定向安置房项目1615-680、681、682地块热计量系统采购及安装工程,2019Z20001198,北京易成市政工程有限责任公司,强兵,2019-06-23 00:00:00.0,3721000.00
5#住宅楼等6项机电安装劳务工程,2019F20005583,中国建筑第八工程局有限公司,黄克斯,2019-06-25 00:00:00.0,12647969.46
北京环球影城主题公园,2019F20005057,中铁建设集团有限公司,谭雪彪,2019-06-25 00:00:00.0,838235.48
北京市西城区二环路日常养护、重大活动及节假日设施保障、防巡养一体化等工程,2019F20005537,北京市政路桥管理养护集团有限公司,李青林,2019-06-25 00:00:00.0,966355.00
地下工程等16项（融坤养老中心建设项目）A1外幕墙工程,2019F20005477,山东泰丰工程集团有限公司,汤占峰,2019-06-25 00:00:00.0,435000.00
北京信息科技大学新校区建设工程风雨操场等公共用房和研究生、留学生宿舍组团项目脚手架工程,2019Z20001283,北京建工集团有限责任公司,樊军,2019-06-25 00:00:00.0,2160022.00
PD 幕墙工程,2019F20005101,北京东方泰洋装饰工程有限公司,郑卫兵,2019-06-26 00:00:00.0,1540000.00
北京市平谷区金海湖镇韩庄村 PG06-0100-6001、6002、6004、C-008、C-012 地块 B1 商业用地项目（A-1#商业楼等 13 项、B-1# 商业楼等 9 项、C-1#商业楼等 30 项、D-1#商业楼等 22 项、E-1#商业楼等 15 项）工程护坡及降水专业分包工程,2019F20005229,北京波森特岩土工程有限公司,/,2019-06-25 00:00:00.0,510000.00
通州区台湖镇104地块F3其他类多功能用地项目（6#楼（办公）等8项）（9#楼地上、7#8#9#楼地下结构及车库部分）,2019Z20001178,北京城建七建设工程有限公司,陈新,2019-06-25 00:00:00.0,7507918.36
丰台河西再生水厂二期政府与社会资本合作（PPP）项目,2019Z20001189,北京市市政四建设工程有限责任公司,/,2019-06-26 00:00:00.0,9640085.37
信息与控制综合试验楼改造工程,2019F20005252,内蒙古一机集团新兴建筑安装有限责任公司,赵香珍,2019-06-26 00:00:00.0,3098782.00
12#生产厂房等2项（北京MAX空港研发创新园B区工程）-给排水工程劳务分包,2019F20005087,北京天源建筑工程有限责任公司,赵建志,2019-06-26 00:00:00.0,584496.50
北京市丰台区市属道路养护工程,2019Z20001233,北京市政路桥管理养护集团有限公司,李青林,2019-06-26 00:00:00.0,5838000.00
三联书店屋面瓦及外墙瓷砖安全维护项目,2019F20005115,北京侨兴达装饰工程有限公司,张建兵,2019-06-26 00:00:00.0,300000.00
国资委物资机关服务中心物资机关幼儿园综合整治项目劳务专业分包,2019F20005476,北京房地集团有限公司,-,2019-06-26 00:00:00.0,1955565.83
通州区张采路附属设施中修工程（K0+000-K4+000）,2019F20005280,北京路桥瑞通养护中心有限公司,王凤平,2019-06-26 00:00:00.0,495652.00
房山区国道234（紫码路-周新路）大修工程第2标段,2019F20005302,北京鑫实路桥建设有限公司,谷天利,2019-06-26 00:00:00.0,490000.00
北京新机场临空经济区市政交通配套工程大礼路（大广高速-京台高速）,2019F20005779,中铁建设集团有限公司,赵伟,2019-06-26 00:00:00.0,9170459.81
2019年静安西街等道路大修工程施工3标-成寿寺路（南三环东路-南四环东路）大修工程,2019Z20001232,北京鑫旺路桥建设有限公司,陈旭东,2019-06-26 00:00:00.0,1956000.00
2018年怀柔区普通公路水毁设施恢复重建工程-K80+900,2019F20005289,北京路桥瑞通养护中心有限公司,王凤平,2019-06-27 00:00:00.0,496950.00
北京万科密云弗农小镇项目,2019F20005100,北京东方泰洋装饰工程有限公司,郑卫兵,2019-06-26 00:00:00.0,2091920.00
后厂村路新建信号灯,2019F20005538,北京市政路桥管理养护集团有限公司,李青林,2019-06-27 00:00:00.0,66250.00
后厂村路新建信号灯,2019F20005535,北京市政路桥管理养护集团有限公司,李青林,2019-06-27 00:00:00.0,199800.00
采林路（张凤路-漷小路）道路工程-绿化工程,2019F20005279,北京路桥海威园林绿化有限公司,王化从,2019-06-27 00:00:00.0,250040.00
民乐大厅南墙上部广告牌改造工程,2019F20005313,北京宏基富隆建筑装饰工程有限公司,张之贵,2019-06-27 00:00:00.0,200000.00
荷清路3号院景观提升改造项目,2019F20005523,北京路桥海威园林绿化有限公司,王化丛,2019-06-27 00:00:00.0,908197.60
2018年怀柔区普通公路水毁设施恢复重建工程-天池峡桥,2019F20005290,北京路桥瑞通养护中心有限公司,王凤平,2019-06-27 00:00:00.0,376950.00
民和兴南墙上部广告牌改造工程,2019F20005314,北京宏基富隆建筑装饰工程有限公司,张志贵,2019-06-27 00:00:00.0,260000.00
中国医学科学院肿瘤医院住院综合楼机电分包工程,2019F20005588,中铁建设集团设备安装有限公司,谭学彪,2019-06-28 00:00:00.0,885394.88
大兴区采育镇区01-0119地块R2二类居住用地项目（1#住宅楼等28项）8#-23#住宅楼、24#配电室、地下车库南区项目,2019Z20001298,北京城建七建设工程有限公司,/,2019-06-28 00:00:00.0,7126470.78
东城区崇文门外大街8号院1号楼12层西塔1204-1号楼装修、机电改造工程,2019F20005735,北京格林贝斯装饰工程有限公司,李振峰,2019-06-28 00:00:00.0,185423.00
3#楼人才公共租赁住房等2项、4#住宅等11项（昌平区北七家镇（未来科技城南区）CP07-0600-0022、0039、0040地块F2公建混合住宅用地（配建人才公共租赁住房）项目—智能化工程,2019F20005479,北京益泰牡丹电子工程有限责任公司,丁燕,2019-06-28 00:00:00.0,100000.00
北京地铁六号线西延工程土建施工06合同段苹果园站过街通道竖井及横通道格栅加工工程劳务施工,2019F20005447,中铁十四局集团有限公司,/,2019-06-28 00:00:00.0,700000.00
北京地铁能源控制中心（能耗统计与监测平台）项目,2019F20005728,北京城建安装集团有限公司,李建武,2019-06-28 00:00:00.0,399840.00
北京城市副中心潞阳大街(通济路~畅和西路)、潞阳大街(畅和西路路口)、潞阳大街(畅和西路~畅和东路)管廊工程及潞阳大街(通济路~畅和东路)道路工程4标-(通济路~畅和西路)管廊主体结构工程,2019Z20001286,北京市政建设集团有限责任公司,刘其铎,2019-06-28 00:00:00.0,4660221.00
2019年第一批市管城市道路、桥梁中修工程项目施工（第9标段）陶然桥等桥梁中修工程（劳务1标）,2019F20005247,北京市市政三建设工程有限责任公司,/,2019-06-28 00:00:00.0,400000.00
北京新机场榆垡小学建设工程（吊顶、块料、楼地面、铁艺、抹灰等工程）,2019Z20001289,北京市市政四建设工程有限责任公司,/,2019-06-28 00:00:00.0,6171827.00
1号线加装直流屏蓄电池在线监测预警系统施工工程,2019F20005729,北京城建安装集团有限公司,李建武,2019-06-28 00:00:00.0,190060.00
中国医学科学院肿瘤医院住院综合楼机电分包工程,2019F20005744,中铁建设集团设备安装有限公司,谭学彪,2019-06-28 00:00:00.0,765384.67
北京市轨道交通新机场线一期工程土建施工09合同段磁各庄车辆段安装工程-运用库电气工程,2019F20005310,北京城建安装集团有限公司,李玉华,2019-06-28 00:00:00.0,601243.00
北京市CBD核心区Z15地块项目外部排水工程,2018F20006012,北京北排建设有限公司,石磊,2019-07-31 00:00:00.0,88729.58
通州区通怀路附属设施中修工程,2019F20005948,北京路桥瑞通养护中心有限公司,王凤平,2019-07-16 00:00:00.0,492564.00
综合体育馆等2项（北京交通大学综合体育馆）-土方工程,2019F20005664,派力工程有限公司,陈进,2019-06-29 00:00:00.0,150000.00
天坛东里中区5号楼合流更新改造工程,2019F20005836,北京北排建设有限公司,石磊,2019-07-16 00:00:00.0,20409.45
东直门外斜街（东直门外大街~新东路）道路环保工程,2019Z20001349,北京市市政六建设工程有限公司,/,2019-07-17 00:00:00.0,3542905.27
2019年静安西街等道路大修工程—2019年静安西街等道路大修工程施工2标-永丰路（北清路--马连洼北路）大修工程,2019Z20001422,北京光亚市政工程有限公司,牛存良,2019-07-17 00:00:00.0,7800315.00
2019年道路日常养护工程,2019Z20001357,北京市政路桥管理养护集团有限公司,李青林,2019-07-17 00:00:00.0,5828000.00
2019年城市道路委托协议-小修工程,2019Z20001356,北京市政路桥管理养护集团有限公司,李青林,2019-07-17 00:00:00.0,8612000.00
阜通东大街花家地南里人行过街天桥工程,2019F20005945,北京市市政六建设工程有限公司,-,2019-07-17 00:00:00.0,499500.00
北京市气象局气象服务能力提升和冬奥气象服务保障工程,2019Z20001383,北京城建集团有限责任公司,陈代华,2019-07-18 00:00:00.0,1904237.00
朝阳公园办公楼东六门附属用房燃气工程,2019F20005958,北京市煤气工程有限公司,张锡勇,2019-07-19 00:00:00.0,50000.00
安定路污水更新改造工程,2019F20005967,北京北排建设有限公司,石磊,2019-07-19 00:00:00.0,74015.80
中国航空制造技术研究院10KV电力管线市政道路修复工程,2019Z20001287,北京西海市政建筑工程有限公司,张东升,2019-07-28 00:00:00.0,2385036.44
2#商品住宅等4项、18#开闭站（昌平区南邵镇（中关村科技园昌平园东区二期）0303-07地块F1住宅混合公建用地（配建人才公共租赁住房）项目,2019F20005787,北京长河域建设工程有限公司,邓鹏浩,2019-07-24 00:00:00.0,2600000.00
X91R1地块二类居住（配建公共租赁住房）项目外幕墙深化设计、供应及安装分包工程（二标二期）,2019F20002499,福建凤凰山装饰工程有限公司,吴清淇,2019-08-25 00:00:00.0,4200000.00
北京万科大都会79号项目幕墙项目,2019F20004662,北京江河幕墙系统工程有限公司,周韩平,2019-08-26 00:00:00.0,3100000.00
小学教学楼（中外合资成立北京三氏富华房地产开发有限公司项目）,2019F20005275,北京市市政四建设工程有限责任公司,/,2019-06-29 00:00:00.0,673630.22
广华新城居住区615和621地块职工安置住宅项目1-3#楼、1-4#楼、1-5#楼、1-6#楼及地下车库（施工）,2019F20005445,陕西威盾电子安全技术有限责任公司,李忠泉,2019-06-30 00:00:00.0,990000.00
双埠头村村内环境提升项目-抹灰工程(各港路街道XI-XIOO),2019F20005676,北京市欣京州建筑公司,杨志忠,2019-06-30 00:00:00.0,545000.00
2019年度城市排管网防汛、节假日及重大活动备勤保障工程,2019F20005354,北京北排建设有限公司,石磊,2019-06-30 00:00:00.0,429440.00
2019年管网更新改造项目松榆西里社区合流更新改造工程,2019F20005349,北京北排建设有限公司,石磊,2019-06-30 00:00:00.0,31600.40
沟渠庄村内环境提升项目-排水,2019F20005678,北京市欣京州建筑公司,杨志忠,2019-06-30 00:00:00.0,425000.00
双埠头村村内环境提升项目-道路工程(G3、G7、G8、Z4	),2019F20005679,北京市欣京州建筑公司,81563247,2019-06-30 00:00:00.0,400000.00
丰台科技园东区三期东旭国际中心项目室内燃气工程,2019F20005605,北京市煤气工程有限公司,李钦,2019-06-30 00:00:00.0,390000.00
北京东方广场首层（UG）HH01&03&05&33乔丹店装修工程,2019F20005628,鼎新建筑装饰工程有限公司,郎国峰,2019-06-30 00:00:00.0,420000.00
2019年管网更新改造项目曹慧路东段污水改造工程,2019F20005543,北京北排建设有限公司,石磊,2019-06-30 00:00:00.0,140213.90
四惠车辆段电气试验室工程,2019F20005727,北京城建安装集团有限公司,李建武,2019-06-28 00:00:00.0,214336.00
田村路大件运输场污水改造工程,2019F20005347,北京北排建设有限公司,石磊,2019-06-30 00:00:00.0,41406.00
双埠头村村内环境提升项目-油漆工程(各港路街道XI-XIOO),2019F20005677,北京市欣京州建筑公司,杨志忠,2019-06-30 00:00:00.0,630000.00
2018年“百街千巷”环境整治提升BXQ-3项目,2018Z20001627,北京城建亚泰建设集团有限公司,曹国章,2019-06-30 00:00:00.0,9379545.00
北京长安府项目5#、11#、21#、29#、35#、31#、37#、26#、28#楼拆除工程,2019F20005458,北京京西建设集团有限责任公司,李明,2019-06-30 00:00:00.0,837000.00
北京市第八中学教学楼等粉刷（脚手架）,2019F20005754,北京房修一建筑工程有限公司,戴京斌,2019-06-30 00:00:00.0,250000.00
1#研发用房等12项、9#研发用房（中关村科技园区丰台园产业基地东区三期1516-36地块项目）,2019F20005738,北京江河幕墙系统工程有限公司,周韩平,2019-07-01 00:00:00.0,3300000.00
北京城市副中心潞阳大街(通济路~畅和西路)、潞阳大街(畅和西路路口)、潞阳大街(畅和西路~畅和东路)管廊工程及潞阳大街(通济路~畅和东路)道路工程4标-(畅和西路~畅和东路)管廊主体结构工程,2019Z20001293,北京市政建设集团有限责任公司,刘其铎,2019-07-01 00:00:00.0,4893232.00
云溪花园B-02地块住宅小区A-1#住宅楼等18项（密云县溪翁庄镇京密引水渠调节池东侧A-02、B-02、C-03、B-04）地块项目）（即北京万科密云项目B02地块总承包工程一标段,2019Z20001265,北京城建北方集团有限公司,张权,2019-07-01 00:00:00.0,6641812.48
长安街延长线（通州段）市容景观提升工程（二期）（通胡大街3、5号临街底商）,2019Z20001201,北京易成市政工程有限责任公司,强兵,2019-07-01 00:00:00.0,1271000.00
丰台区丽泽路E-01、E-05、E-06地块C2商业金融用地项目（E-06地块3#办公楼）,2019F20005894,远洋国际建设有限公司,何畏,2019-07-01 00:00:00.0,13530079.11
1# 生产厂房等11项（新型玩具书及AR虚拟现实玩具书项目）机电安装劳务分包工程,2019F20005527,中建城市建设发展有限公司,潘学斌,2019-07-01 00:00:00.0,3257570.00
FS00-YF06-0071等地块1#住宅楼等15项（房山区城关中心区棚户区改造土地开发项目二期安置地块）0071-3#住宅楼、公建1#楼及地下车库工程,2019F20005784,北京金地房勘地质工程有限公司,王辉,2019-07-01 00:00:00.0,1030000.00
北京轨道交通新机场线一期工程土建03标二工区区间降压所,2019F20005692,北京市政路桥股份有限公司,李军,2019-07-01 00:00:00.0,832657.00
通州区宋庄镇烛光小区天然气工程,2019F20005691,北京易成市政工程有限责任公司,强兵,2019-07-01 00:00:00.0,472700.00
2019年管网更新改造项目六里屯污水更新改造工程,2019F20005352,北京北排建设有限公司,石磊,2019-06-30 00:00:00.0,112630.50
昌平路中段污水改造工程,2019F20005348,北京北排建设有限公司,石磊,2019-06-30 00:00:00.0,150318.20
2019北京市昌平区重点公路清扫保洁工程,2019F20005530,北京路桥瑞通养护中心有限公司,王凤平,2019-06-30 00:00:00.0,420060.00
2019年管网更新改造项目弘燕路南支线污水更新改造工程,2019F20005351,北京北排建设有限公司,石磊,2019-06-30 00:00:00.0,47740.50
38-S2#公共服务设施楼（石景山区五里坨建设组团-1601-038地块F1住宅混合公建用地项目）二次结构及粗装修劳务工程,2019F20005216,中建二局第三建筑工程有限公司,张万宾,2019-06-30 00:00:00.0,382674.00
昌平回龙观至海淀上地地区自行车专用路工程—养护工区,2019F20005962,北京路鹏达市政建设有限责任公司,何华,2019-07-01 00:00:00.0,581047.63
2019年管网更新改造项目百子湾仓库6号支线污水更新改造工程,2019F20005353,北京北排建设有限公司,石磊,2019-06-30 00:00:00.0,164491.00
上庄路南延（闵庄路-黑龙潭路）道路工程（含西山隧道）恢复工程3#标段,2019F20005282,北京市市政二建设工程有限责任公司,高宪仁,2019-07-01 00:00:00.0,445600.00
北京丽泽商务E-08、E-09地块商业金融项目天然气工程,2019F20005960,北京东方中远市政工程有限责任公司,曹义元,2019-07-01 00:00:00.0,1045050.05
石景山区北辛安项目 668 地块外幕墙工程,2019F20005343,北京江河幕墙系统工程有限公司,周韩平,2019-07-01 00:00:00.0,3570952.00
食堂操作间电气线路,2019F20005905,北京首华建设经营有限公司,徐维恒,2019-07-01 00:00:00.0,50000.00
423项目工程,2019F20005653,北京江河幕墙系统工程有限公司,周韩平,2019-07-01 00:00:00.0,4401695.00
北京万科观承别墅特写楼小市政工程,2019F20005524,北京易成市政工程有限责任公司,强兵,2019-07-01 00:00:00.0,300000.00
朝阳区孙河乡西甸村2902-L01、2902-L02地块机构养老设施、二类居住用地项目天然气工程,2019F20005235,北京市煤气工程有限公司,张锡勇,2019-07-01 00:00:00.0,4500000.00
亚运村地区树池及边角地绿化项目,2019F20005909,北京首华建设经营有限公司,/,2019-07-01 00:00:00.0,316600.50
2#疫苗车间、3#疫苗车间水暖电工程,2019F20005546,江苏江都建设集团有限公司,钱春余,2019-07-01 00:00:00.0,2000000.00
京沈客专星火站枢纽站前工程,2019F20005444,中铁六局集团电务工程有限公司,李学文,2019-07-01 00:00:00.0,484449.28
北京市海淀区杨家庄道路工程,2019F20005284,北京市政建设集团有限责任公司,刘其铎,2019-07-01 00:00:00.0,301663.00
小中河马坡段河道污水治理与生态修复工程,2019F20005364,北京天源建筑工程有限责任公司,赵建志,2019-07-03 00:00:00.0,6995492.32
通州文化旅游区群芳东四路（曹园南大街—万盛南街）等九条路10千伏电力工程01标段,2019F20005428,北京市设备安装工程集团有限公司,桑振宇,2019-07-01 00:00:00.0,900000.00
昌平区温榆河以南地区污水收集和再生水利用管网工程（五标段）,2019F20005662,北京首通建设工程有限公司,/,2019-07-01 00:00:00.0,500000.00
宋庆龄故居中控室值班协议书,2019F20005906,北京首华建设经营有限公司,徐维恒,2019-07-01 00:00:00.0,44000.00
八里庄路文化墙建设项目,2019F20005391,保定建业集团有限公司,张兰柱,2019-07-03 00:00:00.0,616000.00
北京城市副中心东小营车辆段上盖职工周转房项目（一期）-综合服务结构设备转换夹层（一期）装饰装修劳务,2019F20005670,北京建工路桥集团有限公司,刘京伟,2019-07-01 00:00:00.0,993531.30
朝阳区南湖渠东路（广顺北大街二期）道路工程2#标段,2019Z20001215,北京市市政一建设工程有限责任公司,/,2019-07-01 00:00:00.0,9005464.00
2017年后厂村路（永丰路-京新高速公路）大修工程施工2标,2019F20005536,北京鑫旺路桥建设有限公司,陈旭东,2019-07-01 00:00:00.0,361200.00
北京市西城区市管道路日常养护、重大活动及节假日设施保障防汛巡养一体化等工程,2019F20005684,北京市政路桥管理养护集团有限公司,李青林,2019-07-01 00:00:00.0,962605.00
2#疫苗车间、3#疫苗车间,2019F20005547,江苏江都建设集团有限公司,钱春余,2019-07-01 00:00:00.0,5177290.00
海运仓1号京东宾馆改装工程,2019F20005908,北京首华建设经营有限公司,-,2019-07-01 00:00:00.0,350000.00
北京新机场临空经济区市政交通配套工程永兴河北路（大广高速~磁大路）道路及综合管廊工程（六标段）土方工程,2019F20005665,北京鸿励世业建筑工程有限公司,吕俊海,2019-07-03 00:00:00.0,2850000.00
东打磨厂街污水4线（东打磨厂街污水2线）更新改造工程,2019F20005559,北京北排建设有限公司,石磊,2019-07-03 00:00:00.0,61738.20
新机场高速公路地下综合管廊（南四环~新机场）工程一期土建施工GLS04,2019Z20001220,北京市政路桥股份有限公司,李军,2019-07-03 00:00:00.0,4256696.00
北京石景山五里坨项目建安工程029地块,2019F20005446,中建二局第三建筑工程有限公司,张万宾,2019-07-03 00:00:00.0,30257498.92
华威大厦六层室内精装改造工程,2019F20005968,正品达(北京)建筑科技有限公司,童友兵,2019-07-03 00:00:00.0,650000.00
2017年丰台区南苑路北段第四册架空线入地新建信息管道工程,2019F20005525,北京市政路桥管理养护集团有限公司,李青林,2019-07-03 00:00:00.0,392400.00
分钟寺桥西北侧地区回迁安置房项目3标段二区1#楼及地下车库二次结构及装修工程,2019Z20001267,北京城建六建设集团有限公司,朱忠泽,2019-07-03 00:00:00.0,5248171.67
门头沟区体育文化中心建设工程,2019Z20000816,北京城建集团有限责任公司,陈代华,2019-07-03 00:00:00.0,11980448.99
天坛街道2018年百街千巷环境整治提升TT-4工程-永内东街东里10号楼北侧路、永内东街西里7号楼南侧路室外道路维修改造,2019F20005528,北京市市政一建设工程有限责任公司,高飞,2019-07-03 00:00:00.0,467750.89
劳动人民文化宫协会公共区域改造建设项目,2019F20005657,北京首华建设经营有限公司,徐维恒,2019-07-03 00:00:00.0,100000.00
2019年居民社区环境整治（十里堡1-1号楼及周边区域）工程项目,2019F20005390,保定建业集团有限公司,张兰柱,2019-07-03 00:00:00.0,564000.00
北京亦庄水厂一期工程-厂区综合管线工程（横二路西段、横六路、顺二路及调蓄清水池南侧）,2019Z20001317,北京市政建设集团有限责任公司,刘其铎,2019-07-02 00:00:00.0,3994347.00
北京市轨道交通新机场线一期工程土建施工04合同段明挖区间安全文明施工及尾工工程,2019F20005954,北京市政路桥股份有限公司,李军,2019-07-02 00:00:00.0,482000.00
苏州桥更换桥梁伸缩缝工程,2019F20005710,北京公联洁达公路养护工程有限公司,董岩,2019-07-02 00:00:00.0,757546.00
研发生产楼（总部营销中心项目、研发中心项目、项目管理信息平台建设项目、设计中心项目）,2019F20005519,北京市常青市政工程有限公司,任有旺,2019-07-02 00:00:00.0,490000.00
燃气管道及设备安装工程,2019F20005626,北京市煤气工程有限公司,张锡勇,2019-07-02 00:00:00.0,80000.00
北京轨道交通房山线北延02合同段首经贸站污水管线防渗保护工程（二标段）,2019F20005673,北京北排建设有限公司,石磊之,2019-07-02 00:00:00.0,357245.20
北京市2018年西城区德胜门西滨河路架空线入地新建信息管道工程,2019F20005526,北京市政路桥管理养护集团有限公司,李青林,2019-07-03 00:00:00.0,73920.00
A座办公楼（综合商务设施项目（国瑞广场））,2019F20005344,北京京利堡消防工程有限公司,安书迎,2019-07-03 00:00:00.0,1200000.00
北京城市副中心东小营车辆段上盖职工周转房项目（一期）-综合服务结构设备转换夹层（一期）机电安装劳务,2019F20005671,北京建工路桥集团有限公司,刘京伟,2019-07-04 00:00:00.0,993206.09
北京城市副中心职工周转房项目施工总承包（C2标段）—地下车库34-47轴/AL-L轴及地上主楼C-6-5＃、C-5-3＃、 C-5-4#住宅楼电气安装工程,2019Z20001187,北京城建安装集团有限公司,李建武,2019-07-04 00:00:00.0,1836046.00
丰台区全鑫园住宅小区（2#、3#、5#、33#、35#、36#、37#住宅楼、1#、38#配电室、34#配套车库等）项目工程,2019F20005388,中铁建设集团有限公司,郝长江,2019-07-03 00:00:00.0,2968845.58
百融云创公司融科原有办公室退租恢复工程,2019F20005448,技良行(北京)建筑装饰工程有限公司,/,2019-07-04 00:00:00.0,450000.00
2019年四环辅路（惠新东桥-四元桥工程）等5项大修工程施工4标-车公庄大街（官园桥-三里河路）大修工程、车公庄西路（三里河路-花园桥）大修工程,2019F20005455,北京城建道桥建设集团有限公司,姚自然,2019-07-01 00:00:00.0,947600.00
密云区“7.16”水毁乡村公路及桥梁修复工程第2标段,2019Z20001086,北京鑫旺路桥建设有限公司,陈旭东,2019-07-03 00:00:00.0,15900000.00
怀柔区怀柔镇张各长村HR00-0004-6002、6003、6004地块F2公建混合住宅用地项目土建临设劳务,2019Z20001320,北京城建集团有限责任公司,罗岗,2019-07-04 00:00:00.0,1640240.00
朝阳区求实幼儿园（和平街园）食堂天然气工程,2019F20005606,北京天兴燃气工程有限公司,李胜国,2019-07-05 00:00:00.0,237782.09
2019年第一批市管城市道路、桥梁中修工程项目施工3标-南新华街,2019F20005533,北京光亚市政工程有限公司,牛存良,2019-07-04 00:00:00.0,128470.00
2019年第一批市管城市道路、桥梁中修工程项目施工3标 右安门内大街,2019F20005532,北京光亚市政工程有限公司,牛存良,2019-07-04 00:00:00.0,53690.00
2020世界休闲大会主会场项目二次结构及粗装修劳务施工工程2#标段,2019Z20001204,北京城建远东建设投资集团有限公司,邸光辉,2019-07-05 00:00:00.0,3281943.15
通州区东方厂周边棚户区改造项目3片区临时“三通一平”工程,2019Z20001254,北京市政路桥管理养护集团有限公司,李青林,2019-07-05 00:00:00.0,4402279.59
海淀区2019年背街小巷架空线规范梳理项目掘路恢复第二批工程,2019F20005683,北京市政路桥管理养护集团有限公司,李青林,2019-07-04 00:00:00.0,634390.00
北京地铁12号线桥梁防护工程施工03合同段,2019F20005531,北京市政路桥管理养护集团有限公司,李青林,2019-07-04 00:00:00.0,972150.00
A区地下一层多功能厅改造工程,2019F20005591,雅新工程有限公司,李茂生,2019-07-04 00:00:00.0,135627.11
第二文化馆东城区文化遗产展厅装修工程,2019F20005389,大元建业集团股份有限公司,郝书明,2019-07-04 00:00:00.0,144690.00
办公科研及配套用房（北京龙妫园农业生态技术研发中心项目）主体结构劳务工程,2019Z20001269,北京城建六建设集团有限公司,朱忠泽,2019-07-05 00:00:00.0,6937527.21
中国中医科学院西苑医院病房楼消防安全及节能系统改造项目,2019F20005913,中国建筑装饰集团有限公司,陶盛发,2019-07-05 00:00:00.0,8500000.00
土城北路污水一线改造工程,2019F20005557,北京北排建设有限公司,石磊,2019-07-05 00:00:00.0,188737.20
北京市第八中学教学楼等粉刷（拆除）,2019F20005709,北京房修一建筑工程有限公司,戴京斌,2019-07-04 00:00:00.0,160000.00
五棵松冰上运动中心项目空调水分包工程,2019Z20001281,中建一局集团建设发展有限公司,/,2019-07-05 00:00:00.0,2092260.77
朝阳区百子湾保障房项目安置房地块第一标段2#楼室内精装修工程,2019Z20001271,北京城建六建设集团有限公司,朱忠泽,2019-07-05 00:00:00.0,3730677.13
北京饭店A座3-17层管道更新,2019F20005460,中铁建设集团有限公司,谭学彪,2019-07-05 00:00:00.0,217819.66
外经贸附中（原九十四中）初中部食堂燃气改造工程,2019F20005608,北京天兴燃气工程有限公司,李胜国,2019-07-05 00:00:00.0,56200.00
2020世界休闲大会主会场项目二次结构及粗装劳务施工工程2#标段,2019Z20001180,北京城建集团有限责任公司,张锁全,2019-07-05 00:00:00.0,1466856.92
陈经伦中学分校（聚沙校区）燃气报警系统工程,2019F20005609,北京天兴燃气工程有限公司,李胜国,2019-07-05 00:00:00.0,55786.59
昌平区南邵镇（昌平新城东区六期（东））0302–57地块F1住宅混合公建用地（配建“公共租赁住房”）项目。（1#商品住宅等5项）二次结构及粗装修劳务分包工程,2019Z20001278,中国建筑一局（集团）有限公司,0,2019-07-06 00:00:00.0,7750102.68
北京丽泽金融商务区智慧清洁能源系统供热管网工程施工八标段-明开结构工程,2019Z20001314,北京市政建设集团有限责任公司,刘其铎,2019-07-05 00:00:00.0,2318547.00
云溪花园B-02地块住宅小区A-1#住宅楼等18项（密云县溪翁庄镇京密引水渠调节池东侧A-02、B-02、B-03、B-04地块项目）（即北京万科密云项目B02地块总包工程）三标段A段,2019Z20001362,北京城建北方集团有限公司,张权,2019-07-06 00:00:00.0,7346507.84
2019年静安西街等道路大修工程施工4标-成寿寺路（南四环东路-亦庄西环北路）大修工程-劳务3#标,2019F20005687,北京市市政一建设工程有限责任公司,-,2019-07-05 00:00:00.0,649550.00
28#住宅楼等11项、35#住宅楼等15项（大兴区庞各庄2号地棚户区改造安置房项目）-消防工程,2019F20005733,北京金海龙机电工程有限责任公司,刘宁之,2019-07-05 00:00:00.0,6909919.00
朝阳区外国语小学部抗震加固燃气切线工程,2019F20005607,北京天兴燃气工程有限公司,李胜国,2019-07-05 00:00:00.0,84842.98
办公和商业综合楼等4项（大兴开发区北区1号地DX00-0301-0144地块F3其他类多功能用地项目,2019F20005486,中建三局集团有限公司,陈华元,2019-07-08 00:00:00.0,6249587.26
北京市怀柔区富密路289号HR-0014-00A22地块R2二类居住用地建设项目（一标段）Ⅰ标段结构工程,2019F20005465,北京城建建设工程有限公司,苗林庆,2019-07-08 00:00:00.0,17469545.90
2019年中国北京世界园艺博览会园区基础设施项目一标段,2019F20005689,北京市政路桥股份有限公司,李军,2019-07-08 00:00:00.0,496800.00
五棵松冰上运动中心项目通风分包工程,2019Z20001322,中建一局集团建设发展有限公司,.,2019-07-08 00:00:00.0,3541848.21
北京丽泽金融商务区智慧清洁能源系统供热管网工程施工八标段-暗挖结构工程,2019Z20001333,北京市政建设集团有限责任公司,刘其铎,2019-07-08 00:00:00.0,5424160.00
兰格加华105号楼装饰装修工程,2019F20005911,深圳鹏润建设集团有限公司,袁华亮,2019-07-08 00:00:00.0,666540.67
北京雁栖湖生态发展示范区环境整治定向安置房项目二期一标段10A-15地块脚手架劳务工程,2019Z20001474,北京住总集团有限责任公司,王宝申,2019-07-11 00:00:00.0,2775365.01
亦庄新城现代有轨电车T1线工程项目土建-4标段劳务7标,2019F20005951,北京市市政六建设工程有限公司,/,2019-07-11 00:00:00.0,493822.00
2019年第一批市管城市道路、桥梁中修工程项目施工（第八标段）高梁桥等桥梁中修工程-鼓楼立交北跨河桥、白云路口东天桥、白云路口西天桥,2019F20005773,北京市政路桥管理养护集团有限公司,李青林,2019-07-11 00:00:00.0,603642.00
北京市军民结合产业基地市政基础设施升级改造工程项目（二标）井室砌筑,2019F20005769,北京市市政四建设工程有限责任公司,-,2019-07-11 00:00:00.0,497628.33
西山八大处门区至七处道路及景观改造提升工程（含基础设施改造工程）市政工程施工,2019F20005698,北京市市政六建设工程有限公司,-,2019-07-11 00:00:00.0,490000.00
石景山区衙门口棚户区改造土地开发项目回迁安置房1612-730地块（一标段）,2019Z20001095,中国新兴建设开发有限责任公司,马健峰,2019-07-11 00:00:00.0,5848000.00
洪寺110千伏输变电工程（外电源工程）第四标段,2019F20005731,北京东方中远市政工程有限责任公司,曹义元,2019-07-11 00:00:00.0,18830000.00
10#住宅楼等8项（13#住宅楼、14#住宅楼、15#住宅楼）一次结构劳务工程,2019F20005768,中国建筑第八工程局有限公司,校荣春,2019-07-15 00:00:00.0,3414868.20
成寿寺路燃气掘路,2019F20005685,北京市政路桥管理养护集团有限公司,李青林,2019-07-09 00:00:00.0,117580.00
中国医学科学院北京协和医院内科楼血液净化中心工程,2019F20005713,北京城建七建设工程有限公司,刘新,2019-07-09 00:00:00.0,4104873.93
居庸关南瓮城及2号停车场加固治理工程,2019F20005682,北京市市政四建设工程有限责任公司,/,2019-07-09 00:00:00.0,200000.00
北京市昌平区水务局未来科技城再生水处理中心设施设备维护工程,2019F20005681,北京市市政四建设工程有限责任公司,/,2019-07-09 00:00:00.0,200000.00
北京大华时尚科技发展有限公司天然气工程,2019F20005862,北京市煤气工程有限公司,张锡勇,2019-07-09 00:00:00.0,187000.00
理工大学污水改造工程,2019F20005558,北京北排建设有限公司,石磊,2019-07-08 00:00:00.0,112970.40
北京经济技术开发区路东区科创十一街、科创十四街道路景观提升工程（科创十四街、科创十二街开口）,2019Z20001419,北京鑫实路桥建设有限公司,谷天利,2019-07-15 00:00:00.0,9000000.00
丰台区高立庄科技商务办公区项目1-4#商业，7#商业及8#地下车库建设工程,2019F20005740,中天建设集团有限公司,楼永良,2019-07-15 00:00:00.0,85000000.00
北京市轨道交通昌平线南延工程土建施工02合同段区间暗挖工程,2019F20005737,中铁二十二局集团有限公司,孟广顺,2019-07-15 00:00:00.0,17000000.00
京东集团总部二期2号楼项目C座,2019F20005837,中建八局第一建设有限公司,董文祥,2019-07-15 00:00:00.0,13588241.01
2#办公楼等4项一次结构劳务工程一次结构劳务工程,2019F20005766,中国建筑第八工程局有限公司,校荣春,2019-07-15 00:00:00.0,4928258.70
301#住宅楼等13项（东海花园3-2居住用地项目）,2019F20005752,南通建工集团股份有限公司,张向阳,2019-07-15 00:00:00.0,24669396.00
北京环球影城主题公园项目标段三 （713、714）3-1（301）游乐设施等10项精装修专业分包合同,2019F20005705,苏州金螳螂建筑装饰股份有限公司,王汉林,2019-07-11 00:00:00.0,20000000.00
2019年朝阳区城市道路桥梁维修工程,2019Z20001353,北京市政路桥管理养护集团有限公司,李青林,2019-07-12 00:00:00.0,8826000.00
北京雁栖湖生态发展示范区环境整治定向安置房项目二期一标段,2019Z20001259,北京住总集团有限责任公司,王宝申,2019-07-11 00:00:00.0,15153911.76
门头沟区采空棚户区改造城子D地块定向安置房项目（3标段）5#、6、7#景观及室外管道劳务人工配合工程,2019Z20001214,北京住总集团有限责任公司,王宝申,2019-07-09 00:00:00.0,2497499.22
2019年第一批市管城市道路、桥梁中修工程项目施工（第八标段）高粱桥等桥梁中修工程-鼓楼立交北跨河桥、高粱桥,2019F20005694,北京市政路桥管理养护集团有限公司,李青林,2019-07-09 00:00:00.0,318064.00
2019年北京市市管城市道路架空线入地掘路修复工程施工2标,2019Z20001354,北京鑫旺路桥建设有限公司,陈旭东,2019-07-12 00:00:00.0,8018600.00
海淀北部地区整体开发永丰产业基地（新）HD00-0401-0093、0097、0099、0108地块二类居住及零售商业用地项目（C1#零售商业楼等7项）施工总包工程C3#楼、C4#楼及部分车库主体劳务分包工程,2019F20005867,中建三局集团有限公司,罗世威,2019-07-10 00:00:00.0,15605842.72
通州区东方厂周边棚户区改造安置房项目（七标段）项目临建土建工程（Ⅱ标段）,2019F20005895,中铁北京工程局集团有限公司,丁荣富,2019-07-09 00:00:00.0,617330.15
西长安街及其延长线市容环境景观提升项目施工一标段,2019F20005696,北京市市政三建设工程有限责任公司,/,2019-07-10 00:00:00.0,410000.00
过二环联通线（安定门桥）中压天然气管道工程,2019Z20001346,北京市市政三建设工程有限责任公司,-,2019-07-09 00:00:00.0,2161205.00
2017年第一批市级疏堵工程施工第一标段酒仙桥大山子路口及周边道路疏堵改造工程,2019F20005556,北京政华建业建设投资有限公司,邸朝群,2019-07-09 00:00:00.0,94125.00
朝阳区百子湾保障房项目安置房地块第一标段1#楼室内精装修工程,2019Z20001270,北京城建六建设集团有限公司,朱忠泽,2019-07-10 00:00:00.0,3730677.13
北京冬季奥运村人才公租房项目一标段,2019F20005852,北京城建安装集团有限公司,李玉华,2019-07-08 00:00:00.0,43000.00
通州口岸（YZ00-0606-0014地块）F3其他类多功能用地项目（二标段）机电安装工程（给排水及暖通工程）,2019Z20001387,北京市设备安装工程集团有限公司,桑振宇,2019-07-09 00:00:00.0,2480000.00
稻香园南街道路工程、排水工程、再生水工程、给水工程项目,2019F20005688,北京市常青市政工程有限公司,任有旺,2019-07-08 00:00:00.0,490000.00
昌平区东小口镇G09-1地块居住小区及配套公建消防工程,2019F20005791,北京兴百建设安装集团有限公司,耿新,2019-07-08 00:00:00.0,950000.00
2018年北京市第一批市管城市道路、桥梁中修工程施工桥梁2标-国际展览中心1#天桥、华威南天桥,2019F20005555,北京政华建业建设投资有限公司,邸朝群,2019-07-09 00:00:00.0,169500.00
商务办公楼等2项,2019F20005725,江苏江都建设集团有限公司,钱春余,2019-07-09 00:00:00.0,6300000.00
1#厂房等3项（研发厂房及附属设施项目）,2019F20005724,中兴建设有限公司,倪道仁,2019-07-08 00:00:00.0,3865575.00
北京市光明饭店有限公司食堂燃气工程,2019F20005625,北京市煤气工程有限公司,张锡勇,2019-07-09 00:00:00.0,21400.00
丰台区南苑路南段（大红门桥-警备东路）架空线入地道路加铺,2019F20005686,北京西海市政建筑工程有限公司,张东升,2019-07-09 00:00:00.0,210000.00
北京亦庄水厂一期工程-厂区综合管线工程（顺一路、横三路及综合管理楼办公区）,2019Z20001388,北京市政建设集团有限责任公司,刘其铎,2019-07-15 00:00:00.0,2636412.00
南海子郊野公园（原三海子郊野公园）二期园林景观工程灌溉、生活消防、中水、给水干管工程二标段（劳务1标）,2019F20005697,北京市市政三建设工程有限责任公司,/,2019-07-09 00:00:00.0,499000.00
地铁八号线管线改移工程,2019F20005690,北京市政路桥管理养护集团有限公司,李青林,2019-07-09 00:00:00.0,487030.00
海淀区“海淀北部地区整体开发”翠湖科技园HD00-0303-6019、6020地块R2二类居住用地项目二标段结构工程,2019F20005750,中建一局集团建设发展有限公司,/,2019-07-15 00:00:00.0,985500.00
FS00-YF06-0088地块1#住宅楼等28项（房山区城关中心区棚户区改造土地开发项目二期安置地块）0088-6#住宅楼及地下车库工程-水暖电气安装工程一标段,2019Z20001331,北京城建建设工程有限公司,苗林庆,2019-07-09 00:00:00.0,2430621.78
2019年第一批市管城市道路、桥梁中修工程项目施工（第八标段）高梁桥等桥梁中修工程-白云路东天桥,2019F20005770,北京市政路桥管理养护集团有限公司,李青林,2019-07-16 00:00:00.0,300622.00
通州区朝阳北路等道路更换LED路灯工程（三标）,2019F20005949,北京市政建设集团有限责任公司,刘其铎,2019-07-16 00:00:00.0,490000.00
广渠路（东四环路～通州区怡乐西路）道路环保工程,2019Z20001351,北京市市政六建设工程有限公司,/,2019-07-16 00:00:00.0,1200078.00
2019年第一批市管城市道路、桥梁中修工程项目施工（第八标段）高粱桥等桥梁中修工程-白云路口西天桥,2019F20005955,北京市政路桥管理养护集团有限公司,李青林,2019-07-16 00:00:00.0,199820.00
北京城市副中心春明西路（潞阳大街～大营东街）、春明西路（云帆路～潞阳大街）管廊工程及春明西路（云帆路-大营东街）道路工程2标临设土建劳务分包,2019Z20001307,北京城建集团有限责任公司,罗岗,2019-07-16 00:00:00.0,6217353.25
北京地铁12号线工程土建施工10合同段安贞桥车站及安～安区间超前支护注浆工程,2019F20005869,北京滕宇翔建设工程有限公司,陈宇,2019-07-16 00:00:00.0,4320000.00
通州区永顺镇（商务园B2-2、B2-3地块）商业金融项目机电分包工程劳务分包部分,2019F20005597,北京城建八建设发展有限责任公司,李金海,2019-07-09 00:00:00.0,3271246.78
北京轨道交通房山线北延工程土建施工03合同段丰益桥南站附属锚喷施工,2019F20005953,北京市政路桥股份有限公司,李军,2019-07-15 00:00:00.0,648000.00
小红门再生水利用工程-园博支线K0+000--K3+200土建工程,2019Z20001206,北京城建集团有限责任公司,/,2019-07-15 00:00:00.0,8502436.59
春林大街跨魏永路排水沟桥梁工程,2019Z20001334,北京市市政二建设工程有限责任公司,高宪仁,2019-07-15 00:00:00.0,1097784.00
朝阳区东三环北京商务中心（CBD）核心区Z12地块项目机电分包工程通风与空调安装II标段工程,2019Z20001411,中建一局集团建设发展有限公司,.,2019-07-15 00:00:00.0,3212865.15
北京商务中心区投资管理有限公司灶具安装工程,2019F20005957,北京市煤气工程有限公司,张锡勇,2019-07-15 00:00:00.0,19800.00
海淀区“海淀北部地区整体开发”翠湖科技园HD00-0303-6019、6020地块R2二类居住用地项目二标段结构工程,2019F20005748,中建一局集团建设发展有限公司,/,2019-07-15 00:00:00.0,977500.00
腾盛博药医药（北京）有限公司装修工程（钢结构工程）,2019F20005630,江苏建设控股集团有限公司,杨圣,2019-07-10 00:00:00.0,363200.00
燃气学院教学楼建设项目康体楼等10项工程小市政工程,2019F20005722,北京市第二建筑工程有限责任公司,刘凤春,2019-07-10 00:00:00.0,959732.61
三分公司工程所李洪亮技师工作室改造工程及三分户内服务二所基地建设项目工程,2019F20005959,北京天兴燃气工程有限公司,李胜国,2019-07-15 00:00:00.0,52366.56
朝阳区垂杨柳北里23号楼燃气改线工程,2019F20005863,北京天兴燃气工程有限公司,李胜国,2019-07-10 00:00:00.0,226846.99
新建京雄城际铁路二标项目,2019F20005638,中铁北京工程局集团有限公司,谭费,2019-07-10 00:00:00.0,2245007.36
绿茶餐厅财富中心店燃气改造工程,2019F20005860,北京市煤气工程有限公司,张锡勇,2019-07-10 00:00:00.0,66700.00
北京城市副中心职工周转房项目施工总承包（B2标段）住宅B-2-3#、B-2-4#、B-2-7#、B-2-8#、B-2-10#、B-2-11#、配套设施B-2-12#、B-2-13# 机电安装劳务分包工程,2019Z20001241,中建一局集团第二建筑有限公司,/,2019-07-10 00:00:00.0,9800000.00
北京市军民结合产业基地市政基础设施升级改造项目（二标）管道铺设,2019F20005765,北京市市政四建设工程有限责任公司,-,2019-07-10 00:00:00.0,497743.30
2019年第一批市管城市道路、桥梁中修工程项目施工（第七标段）蒋宅口天桥等桥梁中修工程-东四十条桥西天桥、蒋宅口天桥、四元立交四环内环向京顺路进京辅路匝道一、二号桥、四元立交京顺路进京向四环外环匝道桥、四元立交四环内环向京顺路出京匝道桥,2019F20005774,北京鑫旺路桥建设有限公司,李青林,2019-07-12 00:00:00.0,908188.00
国家残疾人冰上运动比赛训练馆建设项目,2019Z20000827,北京城建集团有限责任公司,陈代华,2019-07-10 00:00:00.0,13637486.35
2019年怀柔区大屯立交桥旧桥改造工程,2019F20005763,北京路桥瑞通养护中心有限公司,王凤平,2019-07-12 00:00:00.0,935050.00
古城南街（石景山路~莲石西路）道路工程1#标段雨水工程（劳务4标）,2019F20005777,北京市市政一建设工程有限责任公司,/,2019-07-12 00:00:00.0,486018.00
北京市第八中学教学楼等粉刷,2019F20005716,北京房修一建筑工程有限公司,井洪涛,2019-07-13 00:00:00.0,420000.00
1-1住宅等11项（丰台区小屯西路棚户区改造项目）1-1#住宅楼地上及配套用房主体结构劳务工程,2019Z20001438,北京城建道桥建设集团有限公司,-,2019-07-13 00:00:00.0,6527162.94
1-1住宅等11项（丰台区小屯西路棚户区改造项目）1-2#、1-4#住宅楼地上主体结构劳务工程,2019Z20001440,北京城建道桥建设集团有限公司,-,2019-07-13 00:00:00.0,7393082.30
北京市2019年朝阳区望京街一册架空线入地新建信息管道工程,2019F20005772,北京西海市政建筑工程有限公司,张东升,2019-07-13 00:00:00.0,470000.00
B-7#住宅楼等14项(昌平区东小口镇住宅混合公建用地(配建公共租赁住房)项目南侧雨水调蓄池、污水处理站基坑支护工程,2019F20005969,中国建筑技术集团有限公司,/,2019-07-12 00:00:00.0,400000.00
南湖渠东路雨水泵站工程,2019F20005702,北京易成市政工程有限责任公司,强兵,2019-07-10 00:00:00.0,95927.00
北信基础2017年信息管道工程施工30标段-朝阳区关东店北街（三环-东大桥环岛）架空线入地新建信息管道工程,2019F20005775,北京光亚市政工程有限公司,牛存良,2019-07-13 00:00:00.0,223400.00
1#生产厂房等18项（8英寸集成电路研发产业化及封测平台建设项目）项目室外工程-雨水调蓄池、事故水池,2019F20005539,北京博大经开建设有限公司,王春玲,2019-07-09 00:00:00.0,2526378.18
京霸铁路JBSG-01标四工区项目部燃气管道保护工程,2019F20005864,北京天兴燃气工程有限公司,李胜国,2019-07-09 00:00:00.0,506127.00
通州区张采路附属设施中修工程,2019F20005947,北京路桥瑞通养护中心有限公司,王凤平,2019-07-16 00:00:00.0,495652.00
2019年第一批市管城市道路、桥梁中修工程项目施工（第七标段）蒋宅口天桥等桥梁中修工程-蒋宅口天桥,2019F20005771,北京鑫旺路桥建设有限公司,陈旭东,2019-07-16 00:00:00.0,168078.00
新机场高速公路地下综合管廊（南四环 ~新机场）工程一期土建施工GLS04,2019Z20001376,北京市政路桥股份有限公司,李军,2019-07-15 00:00:00.0,4674404.00
北京市公安局出入境管理总队安苑路办公区改造项目,2019Z20001352,北京市市政六建设工程有限公司,/,2019-07-15 00:00:00.0,2169069.74
C06地块1#办公用房等14项（通州区于家务乡乡中心C地块项目（配建公共租赁住房））一标段及A-10地块1#商业，办公用房（通州区于家务乡乡中心A地块项目（配建公共租赁住房）-消防喷淋系统、火灾自动报警系统及消防通风工程）,2019F20005732,北京奥成益华消防工程有限公司,孙重建,2019-07-15 00:00:00.0,1291831.00
海淀区“海淀北部地区整体开发”翠湖科技园HD00-0303-6019、6020地块R2二类居住用地项目二标段结构工程,2019F20005749,中建一局集团建设发展有限公司,-,2019-07-15 00:00:00.0,965300.00
1#商业办公楼（通州区运河核心区IX-07地块F3其他类多功能用地项目）幕墙工程,2019F20005739,北京港源幕墙有限公司,-,2019-07-10 00:00:00.0,550000.00
北京市通州区潞城镇棚户区改造土地开发项目BCD区后北营东侧二期地块及西北角地块安置房项目施工总承包（四标段）机电安装劳务分包工程,2019Z20001240,中建一局集团第二建筑有限公司,/,2019-07-10 00:00:00.0,9500000.00
北京万科关承别墅特写楼小市政工程,2019F20005776,北京易成市政工程有限责任公司,强兵,2019-07-10 00:00:00.0,305856.00
前进监狱狱内门窗护栏改造工程（二次）,2019F20005910,北京弘洁建设集团有限公司,任成茂,2019-07-10 00:00:00.0,864000.00
西四环北路（昆明湖南路-四海桥）西侧污水改造工程,2019F20005838,北京北排建设有限公司,石磊,2019-07-14 00:00:00.0,91824.50
1-1#住宅楼等29项（房山区周口店镇02-0001等地块R2二类居住用地项目）之二标段临时道路分包工程,2019Z20001453,中建一局集团建设发展有限公司,/,2019-07-13 00:00:00.0,1200000.00
1-1住宅等11项（丰台区小屯西路棚户区改造项目）地下主体结构劳务工程,2019Z20001434,北京城建道桥建设集团有限公司,-,2019-07-13 00:00:00.0,9917205.35
安定门外大街污水2线更新改造工程,2019F20005839,北京北排建设有限公司,石磊,2019-07-14 00:00:00.0,65508.00
北京环球影城主题公园项目标段二消防工程,2019F20005712,北京利华消防工程有限公司,于军,2019-07-14 00:00:00.0,2561010.00
流水巷合流2线更新改造工程,2019F20005840,北京北排建设有限公司,石磊,2019-07-14 00:00:00.0,63190.50
北京大兴魏善庄AA-25地块3#楼4单元精装修工程,2019Z20001369,北京城建八建设发展有限责任公司,李金海,2019-07-15 00:00:00.0,4937605.00
2019年门头沟区何各庄桥1、煤厂桥、军庄浸水桥中修工程,2019F20005764,北京路桥瑞通养护中心有限公司,王凤平,2019-07-15 00:00:00.0,91545.00
门头沟新城曹各庄桥户营C地块市政配套工程（一期）--绿化工程,2019F20005950,北京市政路桥管理养护集团有限公司,李青林,2019-07-11 00:00:00.0,95066.00
永定门东街污水1线更新改造工程,2019F20005841,北京北排建设有限公司,石磊,2019-07-14 00:00:00.0,558054.00
2019年度北京市平谷区普通公路日常保养,2019Z20001420,北京路桥瑞通养护中心有限公司,王凤平,2019-07-15 00:00:00.0,8960882.00
密云区2018年第二批乡村公路大修工程第二标段,2019F20005952,北京鑫旺路桥建设有限公司,陈旭东,2019-07-14 00:00:00.0,195000.00
南海子郊野公园（原三海子郊野公园）二期园林景观工程灌溉、生活消防、中水、给水干管工程二标段（劳务2标）,2019F20005767,北京市市政三建设工程有限责任公司,/,2019-07-15 00:00:00.0,499000.00
平谷区泃河新城段（上纸寨-洳河汇入口）治理工程施工二标段,2019F20005700,北京鑫旺路桥建设有限公司,陈旭东,2019-07-11 00:00:00.0,150250.00
北京市中医药大学良乡校区东院科研综合实验楼（A15）工程-机电安装工程,2019F20004980,中国新兴建设开发有限责任公司,马健峰,2019-06-20 00:00:00.0,2709500.00
通州区张采路（K4+000-K17+440）大修工程第二标段,2019Z20001231,北京路桥瑞通养护中心有限公司,王凤平,2019-06-20 00:00:00.0,2127233.30
配合拆违燃气管道改造,2019F20005144,北京市煤气工程有限公司,张锡勇,2019-06-20 00:00:00.0,42500.00
房山区山区人口迁移良乡安置项目二期B区二标段二次结构及装修工程,2019Z20001363,北京城建十六建筑工程有限责任公司,卢健,2019-06-20 00:00:00.0,2200000.00
南湖中园社区中心广场便民设施完善项目,2019F20005242,北京华徽建设发展有限公司,吴军,2019-06-20 00:00:00.0,28116.00
海淀区3-3-263项目地下燃气工程,2019F20005150,北京市煤气工程有限公司,张锡勇,2019-06-20 00:00:00.0,244800.00
历代帝王庙修缮项目,2019F20005173,北京房地集团有限公司,陈会征,2019-06-20 00:00:00.0,4820000.00
太师屯镇龙潭沟村灾后重建项目后续工程,2019F20005055,北京鑫旺路桥建设有限公司,陈旭东,2019-06-20 00:00:00.0,477000.00
通州区永顺镇商务园D1北区(D1-2地块)项目(D01(办公楼)等4项)二次结构及装修劳务工程--一标段,2019Z20001212,北京住总集团有限责任公司,王宝申,2019-06-20 00:00:00.0,4335000.00
北京地铁17号线广渠门外站、广渠门外站-永安里站区间钢格栅加工,2019F20005464,中铁十四局集团有限公司,-,2019-06-20 00:00:00.0,1984320.12
台湖镇109地块F3其他类多功能用地项目（3#楼（办公））,2019Z20001370,北京城建十六建筑工程有限责任公司,卢健,2019-06-20 00:00:00.0,4900000.00
北京新机场工作区工程房建项目施工二标段-混凝土地面施工,2019F20005217,北京城建北方集团有限公司,张权,2019-06-20 00:00:00.0,230859.05
平西府项目落地区7#、8#、11#楼,2019F20004903,北京金海龙机电工程有限责任公司,刘宁,2019-06-20 00:00:00.0,360000.00
北京世界园艺博览会园区地下综合管廊工程,2019F20004967,北京市政路桥股份有限公司,李军,2019-06-20 00:00:00.0,490000.00
保利罗兰香谷二期项目市政工程,2019F20005286,北京市市政六建设工程有限公司,张春发,2019-06-17 00:00:00.0,445681.11
北京城市副中心行政办公区6#能源站工程,2019F20005703,北京市设备安装工程集团有限公司,-,2019-06-17 00:00:00.0,980000.00
4#仓库、5#仓库、配套管理用房2、门卫房1、门卫房2（通州口岸（YZ00-0606-0019地块）项目）-室外道路工程,2019F20005649,北京城建道桥建设集团有限公司,姚自然,2019-06-19 00:00:00.0,958652.13
北京航空航天大学沙河校区公共实验楼（组团3二期）及人防配套项目主体结构工程,2019Z20001133,北京城建一建设发展有限公司,朱卫泽,2019-06-17 00:00:00.0,7403616.00
半壁店新村涉及高压架空线迁改工程（半壁店新村电力隧道）（第一标段） （劳务3标）,2019Z20001172,北京市市政三建设工程有限责任公司,-,2019-06-17 00:00:00.0,4574200.00
工银科技有限公司办公楼装修改造项目（机电分项工程）,2019F20004853,北京群成装饰工程有限公司,王学文,2019-06-19 00:00:00.0,1363800.00
4#仓库、5#仓库、配套管理用房2、门卫房1、门卫房2（通州口岸（YZ00-0606-0019地块）项目）-室外给排水工程,2019F20005647,北京城建道桥建设集团有限公司,姚自然,2019-06-19 00:00:00.0,850145.14
北京地铁六号线西延工程土建施工06合同段苹果园站明挖换乘厅劳务施工,2019F20005097,中铁十四局集团有限公司,-,2019-06-19 00:00:00.0,7000000.00
丰台区南苑乡石榴庄村0517-659等地块住宅混合公建基础教育及医疗卫生间用地（配建“公共租赁住房”）项目660地块小市政工程,2019F20005053,北京易成市政工程有限责任公司,强兵,2019-06-19 00:00:00.0,357400.00
延庆区康庄镇大王庄村一标段、二标段、京张高铁、小曹营通风系统工程,2019F20004914,北京城建安装集团有限公司,李玉华,2019-06-19 00:00:00.0,980000.00
建筑垃圾资源化处置项目,2019Z20001058,北京市市政四建设工程有限责任公司,-,2019-06-19 00:00:00.0,2257920.00
京南昌达物流园一期市政配套工程劳务1#标,2019Z20001222,北京市市政一建设工程有限责任公司,-,2019-06-19 00:00:00.0,3198095.00
翠湖科技园规划横十道路工程、排水工程、再生水工程、燃气工程、热力工程二标段,2019F20004972,北京市常青市政工程有限公司,任有旺,2019-06-20 00:00:00.0,493000.00
技术检测中心生产用房改造整修工程,2019F20005585,北京万兴建筑集团有限公司,吕保明,2019-06-20 00:00:00.0,991259.40
2019年延庆区兴阳路（K220+300-K223+650）中修工程,2019F20004969,北京路桥瑞通养护中心有限公司,王凤平,2019-06-17 00:00:00.0,336000.00
电子城北广数字新媒体创新产业园工程,2019F20004759,北京政华建业建设投资有限公司,邸朝群,2019-06-17 00:00:00.0,257215.58
平谷区金海湖镇配套电力设施工程（韩庄西路段、东老虎山东路段、胡陡路段）（二标段）,2019F20004960,北京市市政六建设工程有限公司,/,2019-06-17 00:00:00.0,411034.35
北京大兴国际机场供油工程燃气工程,2019F20004810,北京市市政四建设工程有限责任公司,/,2019-06-17 00:00:00.0,290040.94
2019年静安西街等道路大修工程施工4标-成寿寺路（南四环东路——亦庄西环北路）大修工程——1#标,2019F20005529,北京市市政一建设工程有限责任公司,高飞,2019-06-17 00:00:00.0,991558.00
北京城市副中心行政办公区综合管廊工程（职工周转房北区地块）施工总承包（一标段）,2019F20005306,北京城乡建设集团有限责任公司,任克强,2019-06-17 00:00:00.0,804380.58
星光影视园北区A组团及招商中心小市政工程,2019F20005056,北京市市政六建设工程有限公司,/,2019-06-17 00:00:00.0,467249.00
北京城市副中心职工周转房（北区）项目三标段外线消防水工程劳务分包工程,2019F20005098,北京奥信建筑工程设备安装有限公司,赵剑,2019-06-17 00:00:00.0,350000.00
校场头条合流更新改造工程,2019F20005166,北京北排建设有限公司,石磊,2019-06-17 00:00:00.0,86911.40
来广营北路地下综合管廊工程融资+施工总承包-(2+565~3+460)管道工程、专业管线出线预留工程,2019Z20001132,北京市政建设集团有限责任公司,刘其铎,2019-06-17 00:00:00.0,8605423.03
大兴区黄村镇林海路大修工程,2019F20005521,北京市政路桥管理养护集团有限公司,李青林,2019-06-17 00:00:00.0,403775.00
古城南街（石景山路~莲石西路）道路工程1#标段（通信改移）工程,2019Z20001070,北京市市政一建设工程有限责任公司,高飞,2019-06-17 00:00:00.0,3015309.00
北京轨道交通八通线二期(南延)工程土建施工02合同段施园站附属结构明挖主体结构劳务分包工程,2019Z20000749,北京住总集团有限责任公司,王宝申,2019-06-17 00:00:00.0,15621897.00
宋庆龄故居卫生间改造工程,2019F20005901,北京首华建设经营有限公司,-,2019-06-17 00:00:00.0,150000.00
工字楼改造装修工程,2019Z20001041,北京城建十六建筑工程有限责任公司,唐保民,2019-06-17 00:00:00.0,4721724.00
2019年静安西街等道路大修工程施工4标-成寿寺路（南四环东路-亦庄西环北路）大修工程-2#标,2019F20005278,北京市市政一建设工程有限责任公司,/,2019-06-18 00:00:00.0,960712.00
北京城市副中心配水干线工程,2019F20005307,北京城乡建设集团有限责任公司,李国祥,2019-06-18 00:00:00.0,691117.43
门头沟区石担路（K0+000一K13+000）预防性养护工程,2019F20004976,北京路桥瑞通养护中心有限公司,王凤平,2019-06-18 00:00:00.0,854231.00
门头沟区G234（潭柘寺一王平村）预防性养护工程,2019F20004973,北京路桥瑞通养护中心有限公司,王凤平,2019-06-18 00:00:00.0,547905.00
新机场高速公路地下综合管廊（南四环-新机场）工程一期土建施工GLS03结构工程,2019F20004858,中铁六局集团有限公司,季志华,2019-06-18 00:00:00.0,3421232.00
北京轨道交通八通线二期（南延）工程土建施工01合同段土-施盾构区间洞门环梁及洞门破除劳务工程,2019F20005577,北京住总集团有限责任公司,蔡永立,2019-06-19 00:00:00.0,312000.00
八一大楼部分楼层服务场所整修工程,2019F20005907,北京首华建设经营有限公司,-,2019-06-19 00:00:00.0,120000.00
东城区望坛棚户区改造项目 11 标段,2019F20005218,北京城建华夏基础建设工程有限公司,仲建军,2019-06-18 00:00:00.0,540000.00
京通快速路八里桥站区混凝土广场改造工程,2019F20004956,北京市政路桥管理养护集团有限公司,李青林,2019-06-18 00:00:00.0,252000.00
台湖项目104地块9号楼临时售楼处机电工程,2019F20004915,北京城建安装集团有限公司,李玉华,2019-06-19 00:00:00.0,406000.00
延庆区延庆新城03街区07地块给排水劳务分包,2019Z20001017,北京建工集团有限责任公司,樊军,2019-06-19 00:00:00.0,2415000.00
北京城市副中心职工周转房项目施工总承包（B3标段）3-2、3-3、4-1#楼座等二次结构及装修劳务工程,2019Z20001210,北京住总集团有限责任公司,/,2019-06-19 00:00:00.0,5965829.96
北京地铁17号线工程土建施工23合同段主体结构工程,2019F20004983,中铁十六局集团有限公司,王令键,2019-06-19 00:00:00.0,999362.00
东直门外斜街（东直门外大街~新东路）道路环保工程,2019Z20001118,北京市市政六建设工程有限公司,/,2019-06-17 00:00:00.0,1261603.01
北京新机场临空经济区市政交通配套工程永兴河（大广高速-磁大路）工程劳务1标,2019Z20001141,北京市市政六建设工程有限公司,-,2019-06-17 00:00:00.0,2700000.00
1、小学等2项、6011-1#住宅楼等9项、6011-1#地下车库（二段）、6011-8#商业办公等2项（平谷区平谷填、王辛庄镇PG00-0002-6011、6013、6014、6015、6018等地块）--9#楼,2019F20005734,中航天建设工程有限公司,李扣春,2019-06-19 00:00:00.0,3871146.34
2019年静安西街等道路大修工程施工3标-成寿寺路（南三环东路-南四环东路）大修工程,2019F20004961,北京鑫旺路桥建设有限公司,陈旭东,2019-06-18 00:00:00.0,355000.00
天坛街道2018年百街千巷环境整治提升TT-4工程-东晓市一巷、西园子四巷室外道路维修改造,2019F20004963,北京市市政一建设工程有限责任公司,/,2019-06-17 00:00:00.0,490000.00
中核宾馆安全改造工程结构加固及拆除,2019F20004904,北京中技天建建筑工程有限公司,赵伟,2019-06-18 00:00:00.0,5200000.00
衙门口棚户区改造土地开发项目环保措施劳务2标,2019Z20001008,北京市市政四建设工程有限责任公司,/,2019-06-18 00:00:00.0,7184660.00
2019年度北京市通州区大运河森林公园绿化养护项目（第四包）,2019Z20001050,北京路桥海威园林绿化有限公司,王化丛,2019-06-18 00:00:00.0,9617400.00
海淀区魏公村小区棚户区改造项目（南区）外幕墙工程,2019F20005385,北京东方泰洋装饰工程有限公司,郑卫兵,2019-06-18 00:00:00.0,1030000.00
A楼（办公及商业用房）等2项及地下车库（通州运河核心区IX-02地块F3其他类多功能用地项目）（二次结构及装修I标段）,2019F20005003,中建二局第三建筑工程有限公司,张方宾,2019-06-18 00:00:00.0,8373009.06
玉-5#楼项目,2019F20005142,北京世纪晟天空调设备安装有限责任公司,无,2019-06-18 00:00:00.0,1520000.00
八一电影制片厂第四期经济适用住房工程,2019F20005006,中铁建设集团有限公司,郝长江,2019-06-18 00:00:00.0,1859024.76
广渠路东延（怡乐西路-东六环路）道路工程2#标段,2019F20004977,北京市政路桥管理养护集团有限公司,李青林,2019-06-18 00:00:00.0,706100.00
641地块项目,2019F20005143,北京世纪晟天空调设备安装有限责任公司,王恒,2019-06-18 00:00:00.0,1350000.00
和平街校区基础医学院楼装修阶段劳务工程,2019F20005395,中煤建设集团工程有限公司,孟瑞华,2019-06-19 00:00:00.0,4754200.00
航空工业信息中心科研办公楼道路铺装及围墙建设工程劳务分包,2019F20005159,北京易成市政工程有限责任公司,强兵,2019-06-18 00:00:00.0,20000.00
4#仓库、5#仓库、配套管理用房2、门卫房1、门卫房2（通州口岸（YZ00-0606-0019地块）项目）-室外电气、消防水系统、调蓄池、围墙工程,2019F20005650,北京城建道桥建设集团有限公司,姚自然,2019-06-19 00:00:00.0,791202.73
清华大学第四教学楼装修改造项目,2019Z20001120,北京市市政六建设工程有限公司,/,2019-06-17 00:00:00.0,1860505.73
羲和小馆（国贸东楼店）天然气工程,2019F20005148,北京市煤气工程有限公司,张锡勇,2019-06-20 00:00:00.0,118300.00
北京大学餐饮综合楼等2项（餐饮综合楼）,2019F20004864,北京中建华宇机电工程有限公司,丁志华,2019-06-19 00:00:00.0,430000.00
国贸翠园天然气工程,2019F20005149,北京市煤气工程有限公司,张锡勇,2019-06-20 00:00:00.0,314000.00
9#、10#、11#、14#住宅楼、2#车库南区、3#配电室、垃圾站（昌平新城回迁小区定向安置房项目）,2019F20005434,南通建工集团股份有限公司,张向阳,2019-06-20 00:00:00.0,21039732.00
寿比胡同6号综合维修工程,2019F20005565,北京国煤建装饰有限责任公司,张友明,2019-06-19 00:00:00.0,150000.00
南湖中园社区安全出行路面改造项目,2019F20005243,北京华徽建设发展有限公司,吴军,2019-06-20 00:00:00.0,51445.00
门头沟区石担路（K0+000-K13+000）预防性养护工程,2019F20005298,北京路桥瑞通养护中心有限公司,王凤平,2019-06-20 00:00:00.0,399137.00
北京城市副中心职工周转房项目施工总承包（B3标段）地下一层（东区）及部分楼座二次结构及装修劳务工程,2019Z20001202,北京住总集团有限责任公司,王宝申,2019-06-21 00:00:00.0,10638075.88
大兴新城北区全民健身中心景观工程,2019Z20001277,北京市第五建筑工程集团有限公司,纪如碧,2019-06-21 00:00:00.0,4743427.00
密云区“7.16”水毁乡村公路及桥梁修复工程第1标段施工,2019Z20001193,北京路桥瑞通养护中心有限公司,王凤平,2019-06-21 00:00:00.0,8580400.00
北京新机场东航基地项目一阶段工程第I标段（核心工作区）消防分包工程,2019F20004989,北京安迪盛安全系统自动化有限公司,郑会余,2019-06-21 00:00:00.0,76800.00
门头沟区G234（潭柘寺-王平村）预防性养护工程,2019F20005296,北京路桥瑞通养护中心有限公司,王凤平,2019-06-21 00:00:00.0,263195.00
朝阳区垡头地区焦化厂公租房项目第三标段,2019F20004988,北京奥成益华消防工程有限公司,孙重建,2019-06-21 00:00:00.0,268385.00
北京博源工贸有限责任公司天然气工程,2019F20005146,北京市煤气工程有限公司,张锡勇,2019-06-21 00:00:00.0,85000.00
于家务乡次中心收储项目二期地块围墙、防尘除草、看护工程（劳务四）,2019F20005156,北京市市政三建设工程有限责任公司,薛玉广,2019-06-21 00:00:00.0,300000.00
昌平区望百路（望宝川-百合村）道路工程隧道劳务工程（K2+195-K2+660段）,2019Z20001190,北京鑫旺路桥建设有限公司,陈旭东,2019-06-21 00:00:00.0,9646779.26
北京地铁16号线工程土建施工14合同段国家图书馆站附属工程、区间联络通道及万寿寺站后浇环梁工程,2019Z20001137,北京市政建设集团有限责任公司,刘其铎,2019-06-22 00:00:00.0,6113706.00
北京城市副中心职工周转房项目施工总承包（B3标段）地下二层（东区）及部分楼座二次结构及装修劳务工程,2019Z20001209,北京住总集团有限责任公司,王宝申,2019-06-20 00:00:00.0,9871026.62
{中海枫丹公馆}项目热力站,2019F20004958,北京易成市政工程有限责任公司,强兵,2019-06-20 00:00:00.0,499900.00
北京城市副中心职工周转房项目施工总承包（B3标段）地下一层（西区）二次结构及装修劳务工程,2019Z20001211,北京住总集团有限责任公司,/,2019-06-19 00:00:00.0,3609001.56
2019年桥梁日常养护应急、保障工程,2019F20004916,北京公联洁达公路养护工程有限公司,董岩,2019-06-19 00:00:00.0,1853962.00
天通泰中以文化数码科技园项目自来水、中水工程,2019F20005169,北京宝顺通市政工程有限公司,李宝国,2019-06-19 00:00:00.0,210000.00
北京城市副中心职工周转房项目施工总承包（B3标段）地下二层（西区）及部分楼座二次结构及装修劳务工程,2019Z20001199,北京住总集团有限责任公司,-,2019-06-19 00:00:00.0,10448215.78
2019年四环辅路（惠新东桥-四元桥）等5项大修工程-施工2标四环辅路（惠新东桥-安慧桥）大修工程,2019Z20001144,北京光亚市政工程有限公司,牛存良,2019-06-20 00:00:00.0,4640831.00
肖村公共租赁住房精装5#、6#、7#楼地下室水电劳务分包工程,2019F20005847,北京住总第六开发建设有限公司,靳国忠,2019-06-20 00:00:00.0,960074.29
3#办公楼等五项粗装修工程（A、B座）,2019F20005751,黑龙江博润建筑装饰工程有限公司,陈凤春,2019-06-20 00:00:00.0,2138766.97
2#生产试验车间（第三代半导体材料及应用联合创新基地一期工程）,2019F20005083,中北华宇建筑工程公司,王金良,2019-06-20 00:00:00.0,2000000.00
通州区东方厂周边棚户区改造安置房项目四标段土消防泵房工程,2019F20005308,北京中消长城消防安全工程有限公司,许鹭,2019-06-20 00:00:00.0,120000.00
第三、四阶段昌平区中小河道治理工程,2019F20005158,北京市市政四建设工程有限责任公司,陈建华,2019-06-20 00:00:00.0,105000.00
肖村公共租赁住房精装5#楼劳务分包工程,2019F20005845,北京住总第六开发建设有限公司,靳国忠,2019-06-20 00:00:00.0,979239.00
分子科学前沿交叉研究平台及分子科学创新研究平台(实验及科研）A楼等4项（分子科学创新研究平台及分子科学前沿交叉研究平台、化学所中关村5号园区公共食堂改建项目）玻璃幕墙工程,2019F20005400,斯特龙装饰股份有限公司,贾轩,2019-06-20 00:00:00.0,3566631.10
