肖申克的救赎,['https://movie.douban.com/subject/1292052/']
霸王别姬,['https://movie.douban.com/subject/1291546/']
这个杀手不太冷,['https://movie.douban.com/subject/1295644/']
阿甘正传,['https://movie.douban.com/subject/1292720/']
美丽人生,['https://movie.douban.com/subject/1292063/']
泰坦尼克号,['https://movie.douban.com/subject/1292722/']
千与千寻,['https://movie.douban.com/subject/1291561/']
辛德勒的名单,['https://movie.douban.com/subject/1295124/']
盗梦空间,['https://movie.douban.com/subject/3541415/']
忠犬八公的故事,['https://movie.douban.com/subject/3011091/']
机器人总动员,['https://movie.douban.com/subject/2131459/']
三傻大闹宝莱坞,['https://movie.douban.com/subject/3793023/']
放牛班的春天,['https://movie.douban.com/subject/1291549/']
海上钢琴师,['https://movie.douban.com/subject/1292001/']
楚门的世界,['https://movie.douban.com/subject/1292064/']
大话西游之大圣娶亲,['https://movie.douban.com/subject/1292213/']
星际穿越,['https://movie.douban.com/subject/1889243/']
龙猫,['https://movie.douban.com/subject/1291560/']
熔炉,['https://movie.douban.com/subject/5912992/']
教父,['https://movie.douban.com/subject/1291841/']
无间道,['https://movie.douban.com/subject/1307914/']
疯狂动物城,['https://movie.douban.com/subject/25662329/']
当幸福来敲门,['https://movie.douban.com/subject/1849031/']
怦然心动,['https://movie.douban.com/subject/3319755/']
触不可及,['https://movie.douban.com/subject/6786002/']
肖申克的救赎,['https://movie.douban.com/subject/1292052/']
霸王别姬,['https://movie.douban.com/subject/1291546/']
这个杀手不太冷,['https://movie.douban.com/subject/1295644/']
阿甘正传,['https://movie.douban.com/subject/1292720/']
美丽人生,['https://movie.douban.com/subject/1292063/']
泰坦尼克号,['https://movie.douban.com/subject/1292722/']
千与千寻,['https://movie.douban.com/subject/1291561/']
辛德勒的名单,['https://movie.douban.com/subject/1295124/']
盗梦空间,['https://movie.douban.com/subject/3541415/']
忠犬八公的故事,['https://movie.douban.com/subject/3011091/']
机器人总动员,['https://movie.douban.com/subject/2131459/']
三傻大闹宝莱坞,['https://movie.douban.com/subject/3793023/']
放牛班的春天,['https://movie.douban.com/subject/1291549/']
海上钢琴师,['https://movie.douban.com/subject/1292001/']
楚门的世界,['https://movie.douban.com/subject/1292064/']
大话西游之大圣娶亲,['https://movie.douban.com/subject/1292213/']
星际穿越,['https://movie.douban.com/subject/1889243/']
龙猫,['https://movie.douban.com/subject/1291560/']
熔炉,['https://movie.douban.com/subject/5912992/']
教父,['https://movie.douban.com/subject/1291841/']
无间道,['https://movie.douban.com/subject/1307914/']
疯狂动物城,['https://movie.douban.com/subject/25662329/']
当幸福来敲门,['https://movie.douban.com/subject/1849031/']
怦然心动,['https://movie.douban.com/subject/3319755/']
触不可及,['https://movie.douban.com/subject/6786002/']
