电影名,电影链接,电影详情,工作人员,评论人数,豆瓣评分
肖申克的救赎,https://movie.douban.com/subject/1292052/,1994 / 美国 / 犯罪 剧情,导演: 弗兰克·德拉邦特 Frank Darabont   主演: 蒂姆·罗宾斯 Tim Robbins /...,1560108人评价,9.7
霸王别姬,https://movie.douban.com/subject/1291546/,1993 / 中国大陆 中国香港 / 剧情 爱情 同性,导演: 陈凯歌 Kaige Chen   主演: 张国荣 Leslie Cheung / 张丰毅 Fengyi Zha...,1152840人评价,9.6
这个杀手不太冷,https://movie.douban.com/subject/1295644/,1994 / 法国 / 剧情 动作 犯罪,导演: 吕克·贝松 Luc Besson   主演: 让·雷诺 Jean Reno / 娜塔莉·波特曼 ...,1406878人评价,9.4
阿甘正传,https://movie.douban.com/subject/1292720/,1994 / 美国 / 剧情 爱情,导演: 罗伯特·泽米吉斯 Robert Zemeckis   主演: 汤姆·汉克斯 Tom Hanks / ...,1215174人评价,9.5
美丽人生,https://movie.douban.com/subject/1292063/,1997 / 意大利 / 剧情 喜剧 爱情 战争,导演: 罗伯托·贝尼尼 Roberto Benigni   主演: 罗伯托·贝尼尼 Roberto Beni...,711566人评价,9.5
泰坦尼克号,https://movie.douban.com/subject/1292722/,1997 / 美国 / 剧情 爱情 灾难,导演: 詹姆斯·卡梅隆 James Cameron   主演: 莱昂纳多·迪卡普里奥 Leonardo...,1157182人评价,9.4
千与千寻,https://movie.douban.com/subject/1291561/,2001 / 日本 / 剧情 动画 奇幻,导演: 宫崎骏 Hayao Miyazaki   主演: 柊瑠美 Rumi Hîragi / 入野自由 Miy...,1248414人评价,9.3
辛德勒的名单,https://movie.douban.com/subject/1295124/,1993 / 美国 / 剧情 历史 战争,导演: 史蒂文·斯皮尔伯格 Steven Spielberg   主演: 连姆·尼森 Liam Neeson...,630962人评价,9.5
盗梦空间,https://movie.douban.com/subject/3541415/,2010 / 美国 英国 / 剧情 科幻 悬疑 冒险,导演: 克里斯托弗·诺兰 Christopher Nolan   主演: 莱昂纳多·迪卡普里奥 Le...,1202591人评价,9.3
忠犬八公的故事,https://movie.douban.com/subject/3011091/,2009 / 美国 英国 / 剧情,导演: 莱塞·霍尔斯道姆 Lasse Hallström   主演: 理查·基尔 Richard Ger...,805645人评价,9.3
机器人总动员,https://movie.douban.com/subject/2131459/,2008 / 美国 / 爱情 科幻 动画 冒险,导演: 安德鲁·斯坦顿 Andrew Stanton   主演: 本·贝尔特 Ben Burtt / 艾丽...,797427人评价,9.3
三傻大闹宝莱坞,https://movie.douban.com/subject/3793023/,2009 / 印度 / 剧情 喜剧 爱情 歌舞,导演: 拉库马·希拉尼 Rajkumar Hirani   主演: 阿米尔·汗 Aamir Khan / 卡...,1088023人评价,9.2
放牛班的春天,https://movie.douban.com/subject/1291549/,2004 / 法国 瑞士 德国 / 剧情 音乐,导演: 克里斯托夫·巴拉蒂 Christophe Barratier   主演: 热拉尔·朱尼奥 Gé...,757407人评价,9.3
海上钢琴师,https://movie.douban.com/subject/1292001/,1998 / 意大利 / 剧情 音乐,导演: 朱塞佩·托纳多雷 Giuseppe Tornatore   主演: 蒂姆·罗斯 Tim Roth / ...,881359人评价,9.2
楚门的世界,https://movie.douban.com/subject/1292064/,1998 / 美国 / 剧情 科幻,导演: 彼得·威尔 Peter Weir   主演: 金·凯瑞 Jim Carrey / 劳拉·琳妮 Lau...,843084人评价,9.2
大话西游之大圣娶亲,https://movie.douban.com/subject/1292213/,1995 / 中国香港 中国大陆 / 喜剧 爱情 奇幻 古装,导演: 刘镇伟 Jeffrey Lau   主演: 周星驰 Stephen Chow / 吴孟达 Man Tat Ng...,845874人评价,9.2
星际穿越,https://movie.douban.com/subject/1889243/,2014 / 美国 英国 加拿大 冰岛 / 剧情 科幻 冒险,导演: 克里斯托弗·诺兰 Christopher Nolan   主演: 马修·麦康纳 Matthew Mc...,865199人评价,9.3
龙猫,https://movie.douban.com/subject/1291560/,1988 / 日本 / 动画 奇幻 冒险,导演: 宫崎骏 Hayao Miyazaki   主演: 日高法子 Noriko Hidaka / 坂本千夏 Ch...,747008人评价,9.2
熔炉,https://movie.douban.com/subject/5912992/,2011 / 韩国 / 剧情,导演: 黄东赫 Dong-hyuk Hwang   主演: 孔侑 Yoo Gong / 郑有美 Yu-mi Jeong ...,500142人评价,9.3
教父,https://movie.douban.com/subject/1291841/,1972 / 美国 / 剧情 犯罪,导演: 弗朗西斯·福特·科波拉 Francis Ford Coppola   主演: 马龙·白兰度 M...,542209人评价,9.3
无间道,https://movie.douban.com/subject/1307914/,2002 / 香港 / 剧情 犯罪 悬疑,导演: 刘伟强 / 麦兆辉   主演: 刘德华 / 梁朝伟 / 黄秋生,694763人评价,9.2
疯狂动物城,https://movie.douban.com/subject/25662329/,2016 / 美国 / 喜剧 动画 冒险,导演: 拜伦·霍华德 Byron Howard / 瑞奇·摩尔 Rich Moore   主演: 金妮弗·...,976099人评价,9.2
当幸福来敲门,https://movie.douban.com/subject/1849031/,2006 / 美国 / 剧情 传记 家庭,导演: 加布里尔·穆奇诺 Gabriele Muccino   主演: 威尔·史密斯 Will Smith ...,881111人评价,9.1
怦然心动,https://movie.douban.com/subject/3319755/,2010 / 美国 / 剧情 喜剧 爱情,导演: 罗伯·莱纳 Rob Reiner   主演: 玛德琳·卡罗尔 Madeline Carroll / 卡...,984340人评价,9
触不可及,https://movie.douban.com/subject/6786002/,2011 / 法国 / 剧情 喜剧,导演: 奥利维·那卡什 Olivier Nakache / 艾力克·托兰达 Eric Toledano   主...,574870人评价,9.2
蝙蝠侠：黑暗骑士,https://movie.douban.com/subject/1851857/,2008 / 美国 英国 / 剧情 动作 科幻 犯罪 惊悚,导演: 克里斯托弗·诺兰 Christopher Nolan   主演: 克里斯蒂安·贝尔 Christ...,568188人评价,9.1
乱世佳人,https://movie.douban.com/subject/1300267/,1939 / 美国 / 剧情 历史 爱情 战争,导演: 维克多·弗莱明 Victor Fleming / 乔治·库克 George Cukor   主演: 费...,397832人评价,9.3
活着,https://movie.douban.com/subject/1292365/,1994 / 中国大陆 中国香港 / 剧情 历史 家庭,导演: 张艺谋 Yimou Zhang   主演: 葛优 You Ge / 巩俐 Li Gong / 姜武 Wu Jiang,449157人评价,9.2
控方证人,https://movie.douban.com/subject/1296141/,1957 / 美国 / 剧情 犯罪 悬疑,导演: 比利·怀尔德 Billy Wilder   主演: 泰隆·鲍华 Tyrone Power / 玛琳·...,203237人评价,9.6
少年派的奇幻漂流,https://movie.douban.com/subject/1929463/,2012 / 美国 中国台湾 英国 加拿大 / 剧情 奇幻 冒险,导演: 李安 Ang Lee   主演: 苏拉·沙玛 Suraj Sharma / 伊尔凡·可汗 Irrfan...,862011人评价,9
指环王3：王者无敌,https://movie.douban.com/subject/1291552/,2003 / 美国 新西兰 / 剧情 动作 奇幻 冒险,导演: 彼得·杰克逊 Peter Jackson   主演: 维果·莫腾森 Viggo Mortensen / ...,436008人评价,9.2
摔跤吧！爸爸,https://movie.douban.com/subject/26387939/,2016 / 印度 / 剧情 传记 运动 家庭,导演: 涅提·蒂瓦里 Nitesh Tiwari   主演: 阿米尔·汗 Aamir Khan / 法缇玛...,860828人评价,9
天空之城,https://movie.douban.com/subject/1291583/,1986 / 日本 / 动画 奇幻 冒险,导演: 宫崎骏 Hayao Miyazaki   主演: 田中真弓 Mayumi Tanaka / 横泽启子 Ke...,511538人评价,9.1
鬼子来了,https://movie.douban.com/subject/1291858/,2000 / 中国大陆 / 剧情 历史 战争,导演: 姜文 Wen Jiang   主演: 姜文 Wen Jiang / 香川照之 Teruyuki Kagawa /...,364804人评价,9.2
十二怒汉,https://movie.douban.com/subject/1293182/,1957 / 美国 / 剧情,导演: Sidney Lumet   主演: 亨利·方达 Henry Fonda / 马丁·鲍尔萨姆 Marti...,259602人评价,9.4
天堂电影院,https://movie.douban.com/subject/1291828/,1988 / 意大利 法国 / 剧情 爱情,导演: 朱塞佩·托纳多雷 Giuseppe Tornatore   主演: 安东内拉·阿蒂利 Anton...,419352人评价,9.2
飞屋环游记,https://movie.douban.com/subject/2129039/,2009 / 美国 / 剧情 喜剧 动画 冒险,导演: 彼特·道格特 Pete Docter / 鲍勃·彼德森 Bob Peterson   主演: 爱德...,782133人评价,9
大话西游之月光宝盒,https://movie.douban.com/subject/1299398/,1995 / 香港 中国大陆 / 喜剧 爱情 奇幻 古装,导演: 刘镇伟 Jeffrey Lau   主演: 周星驰 Stephen Chow / 吴孟达 Man Tat Ng...,683336人评价,9
哈尔的移动城堡,https://movie.douban.com/subject/1308807/,2004 / 日本 / 动画 奇幻 冒险,导演: 宫崎骏 Hayao Miyazaki   主演: 倍赏千惠子 Chieko Baishô / 木村拓...,575382人评价,9
罗马假日,https://movie.douban.com/subject/1293839/,1953 / 美国 / 喜剧 剧情 爱情,导演: 威廉·惠勒 William Wyler   主演: 奥黛丽·赫本 Audrey Hepburn / 格...,581761人评价,9
搏击俱乐部,https://movie.douban.com/subject/1292000/,1999 / 美国 德国 / 剧情 动作 悬疑 惊悚,导演: 大卫·芬奇 David Fincher   主演: 爱德华·诺顿 Edward Norton / 布拉...,546934人评价,9
末代皇帝,https://movie.douban.com/subject/1293172/,1987 / 英国 意大利 中国大陆 法国 / 剧情 传记 历史,导演: 贝纳尔多·贝托鲁奇 Bernardo Bertolucci   主演: 尊龙 John Lone / 陈...,360383人评价,9.2
寻梦环游记,https://movie.douban.com/subject/20495023/,2017 / 美国 / 喜剧 动画 奇幻 音乐,导演: 李·昂克里奇 Lee Unkrich / 阿德里安·莫利纳 Adrian Molina   主演: ...,822102人评价,9
闻香识女人,https://movie.douban.com/subject/1298624/,1992 / 美国 / 剧情,导演: 马丁·布莱斯 Martin Brest   主演: 阿尔·帕西诺 Al Pacino / 克里斯...,498012人评价,9
辩护人,https://movie.douban.com/subject/21937445/,2013 / 韩国 / 剧情,导演: 杨宇硕 Woo-seok Yang   主演: 宋康昊 Kang-ho Song / 吴达洙 Dal-su O...,345809人评价,9.2
素媛,https://movie.douban.com/subject/21937452/,2013 / 韩国 / 剧情,导演: 李濬益 Jun-ik Lee   主演: 薛景求 Kyung-gu Sol / 严志媛 Ji-won Uhm ...,327975人评价,9.2
窃听风暴,https://movie.douban.com/subject/1900841/,2006 / 德国 / 剧情 悬疑,导演: 弗洛里安·亨克尔·冯·多纳斯马尔克 Florian Henckel von Donnersmarck  &n...,342995人评价,9.1
死亡诗社,https://movie.douban.com/subject/1291548/,1989 / 美国 / 剧情,导演: 彼得·威尔 Peter Weir   主演: 罗宾·威廉姆斯 Robin Williams / 罗伯...,417925人评价,9
两杆大烟枪,https://movie.douban.com/subject/1293350/,1998 / 英国 / 剧情 喜剧 犯罪,导演: Guy Ritchie   主演: Jason Flemyng / Dexter Fletcher / Nick Moran,372119人评价,9.1
飞越疯人院,https://movie.douban.com/subject/1292224/,1975 / 美国 / 剧情,导演: 米洛斯·福尔曼 Miloš Forman   主演: 杰克·尼科尔森 Jack Nichols...,376193人评价,9.1
消失的爱人,https://movie.douban.com/subject/21318488/,2014 / 美国 / 剧情 犯罪 悬疑 惊悚,导演: 大卫·芬奇 David Fincher   主演: 本·阿弗莱克 Ben Affleck / 罗莎蒙...,529544人评价,8.7
告白,https://movie.douban.com/subject/4268598/,2010 / 日本 / 剧情 惊悚,导演: 中岛哲也 Tetsuya Nakashima   主演: 松隆子 Takako Matsu / 冈田将生 ...,470692人评价,8.7
小森林 夏秋篇,https://movie.douban.com/subject/25814705/,2014 / 日本 / 剧情,导演: 森淳一 Junichi Mori   主演: 桥本爱 Ai Hashimoto / 三浦贵大 Takahir...,228946人评价,9
大鱼,https://movie.douban.com/subject/1291545/,2003 / 美国 / 剧情 家庭 奇幻 冒险,导演: 蒂姆·波顿 Tim Burton   主演: 伊万·麦克格雷格 Ewan McGregor / 阿...,350318人评价,8.8
一一,https://movie.douban.com/subject/1292434/,2000 / 中国台湾 日本 / 剧情 爱情 家庭,导演: 杨德昌 Edward Yang   主演: 吴念真 / 李凯莉 Kelly Lee / 金燕玲 Elai...,211524人评价,9
我不是药神,https://movie.douban.com/subject/26752088/,2018 / 中国大陆 / 剧情 喜剧,导演: 文牧野 Muye Wen   主演: 徐峥 Zheng Xu / 王传君 Chuanjun Wang / 周...,1195577人评价,9
请以你的名字呼唤我,https://movie.douban.com/subject/26799731/,2017 / 意大利 法国 巴西 美国 荷兰 德国 / 剧情 爱情 同性,导演: 卢卡·瓜达尼诺 Luca Guadagnino   主演: 艾米·汉莫 Armie Hammer / ...,331991人评价,8.8
阳光姐妹淘,https://movie.douban.com/subject/4917726/,2011 / 韩国 / 剧情 喜剧,导演: 姜炯哲 Hyeong-Cheol Kang   主演: 沈恩京 Eun-kyung Shim / 闵孝琳 Hy...,381206人评价,8.8
爱在黎明破晓前,https://movie.douban.com/subject/1296339/,1995 / 美国 奥地利 瑞士 / 剧情 爱情,导演: 理查德·林克莱特 Richard Linklater   主演: 伊桑·霍克 Ethan Hawke ...,329923人评价,8.8
射雕英雄传之东成西就,https://movie.douban.com/subject/1316510/,1993 / 香港 / 喜剧 奇幻 武侠 古装,导演: 刘镇伟 Jeffrey Lau   主演: 梁朝伟 Tony Leung Chiu Wai / 林青霞 Bri...,387709人评价,8.7
甜蜜蜜,https://movie.douban.com/subject/1305164/,1996 / 香港 / 剧情 爱情,导演: 陈可辛 Peter Chan   主演: 黎明 Leon Lai / 张曼玉 Maggie Cheung / ...,309355人评价,8.8
侧耳倾听,https://movie.douban.com/subject/1297052/,1995 / 日本 / 剧情 爱情 动画,导演: 近藤喜文 Yoshifumi Kondo   主演: 本名阳子 Youko Honna / 小林桂树 K...,259246人评价,8.9
红辣椒,https://movie.douban.com/subject/1865703/,2006 / 日本 / 动画 悬疑 科幻 惊悚,导演: 今敏 Satoshi Kon   主演: 林原惠美 Megumi Hayashibara / 江守彻 Toru...,213153人评价,9
驯龙高手,https://movie.douban.com/subject/2353023/,2010 / 美国 / 动画 奇幻 冒险,导演: 迪恩·德布洛斯 Dean DeBlois / 克里斯·桑德斯 Chris Sanders   主演:...,442741人评价,8.7
倩女幽魂,https://movie.douban.com/subject/1297447/,1987 / 中国香港 / 爱情 奇幻 武侠 古装,导演: 程小东 Siu-Tung Ching   主演: 张国荣 Leslie Cheung / 王祖贤 Joey W...,403928人评价,8.7
杀人回忆,https://movie.douban.com/subject/1300299/,2003 / 韩国 / 犯罪 剧情 悬疑 惊悚,导演: 奉俊昊 Joon-ho Bong   主演: 宋康昊 Kang-ho Song / 金相庆 Sang-kyun...,322753人评价,8.8
海蒂和爷爷,https://movie.douban.com/subject/25958717/,2015 / 德国 瑞士 南非 / 剧情 冒险 家庭,导演: 阿兰·葛斯彭纳 Alain Gsponer   主演: 阿努克·斯特芬 Anuk Steffen /...,147228人评价,9.1
幸福终点站,https://movie.douban.com/subject/1292274/,2004 / 美国 / 喜剧 剧情 爱情,导演: 史蒂文·斯皮尔伯格 Steven Spielberg   主演: 汤姆·汉克斯 Tom Hanks...,312943人评价,8.7
蝙蝠侠：黑暗骑士崛起,https://movie.douban.com/subject/3395373/,2012 / 美国 英国 / 剧情 动作 科幻 犯罪 惊悚,导演: 克里斯托弗·诺兰 Christopher Nolan   主演: 克里斯蒂安·贝尔 Christ...,419456人评价,8.7
萤火之森,https://movie.douban.com/subject/5989818/,2011 / 日本 / 剧情 爱情 动画 奇幻,导演: 大森贵弘 Takahiro Omori   主演: 佐仓绫音 Ayane Sakura / 内山昂辉 K...,265469人评价,8.8
超脱,https://movie.douban.com/subject/5322596/,2011 / 美国 / 剧情,导演: 托尼·凯耶 Tony Kaye   主演: 艾德里安·布洛迪 Adrien Brody / 马西...,259156人评价,8.8
恐怖直播,https://movie.douban.com/subject/21360417/,2013 / 韩国 / 剧情 犯罪 悬疑,导演: 金秉祐 Byeong-woo Kim   主演: 河正宇 Jung-woo Ha / 李璟荣 Kyeong-y...,353091人评价,8.8
7号房的礼物,https://movie.douban.com/subject/10777687/,2013 / 韩国 / 剧情 喜剧 家庭,导演: 李焕庆 Hwan-kyeong Lee   主演: 柳承龙 Seung-yong Ryoo / 朴信惠 Shi...,280572人评价,8.8
菊次郎的夏天,https://movie.douban.com/subject/1293359/,1999 / 日本 / 剧情 喜剧,导演: 北野武 Takeshi Kitano   主演: 北野武 Takeshi Kitano / 关口雄介 Yus...,287729人评价,8.8
上帝之城,https://movie.douban.com/subject/1292208/,2002 / 巴西 法国 / 犯罪 剧情,导演: 费尔南多·梅里尔斯 Fernando Meirelles / 卡迪亚·兰德 Kátia Lund  &nbsp...,201552人评价,8.9
借东西的小人阿莉埃蒂,https://movie.douban.com/subject/4202302/,2010 / 日本 / 动画 奇幻 冒险,导演: 米林宏昌 Hiromasa Yonebayashi   主演: 志田未来 Mirai Shida / 神木...,311565人评价,8.8
唐伯虎点秋香,https://movie.douban.com/subject/1306249/,1993 / 香港 / 喜剧 爱情 古装,导演: 李力持 Lik-Chi Lee   主演: 周星驰 Stephen Chow / 巩俐 Li Gong / 陈...,553155人评价,8.6
超能陆战队,https://movie.douban.com/subject/11026735/,2014 / 美国 / 喜剧 动作 科幻 动画 冒险,导演: 唐·霍尔 Don Hall / 克里斯·威廉姆斯 Chris Williams   主演: 斯科特...,571899人评价,8.6
小森林 冬春篇,https://movie.douban.com/subject/25814707/,2015 / 日本 / 剧情,导演: 森淳一 Junichi Mori   主演: 桥本爱 Ai Hashimoto / 三浦贵大 Takahir...,198677人评价,9
爱在日落黄昏时,https://movie.douban.com/subject/1291990/,2004 / 美国 / 剧情 爱情,导演: 理查德·林克莱特 Richard Linklater   主演: 伊桑·霍克 Ethan Hawke ...,287835人评价,8.8
哈利·波特与死亡圣器(下),https://movie.douban.com/subject/3011235/,2011 / 美国 英国 / 剧情 悬疑 奇幻 冒险,导演: 大卫·叶茨 David Yates   主演: 丹尼尔·雷德克里夫 Daniel Radcliffe...,412437人评价,8.7
风之谷,https://movie.douban.com/subject/1291585/,1984 / 日本 / 动画 奇幻 冒险,导演: 宫崎骏 Hayao Miyazaki   主演: 岛本须美 Sumi Shimamoto / 松田洋治 Y...,247469人评价,8.8
神偷奶爸,https://movie.douban.com/subject/3287562/,2010 / 美国 法国 / 喜剧 动画 冒险,导演: 皮艾尔·柯芬 Pierre Coffin / 克里斯·雷纳德 Chris Renaud   主演: ...,578788人评价,8.6
无人知晓,https://movie.douban.com/subject/1292337/,2004 / 日本 / 剧情,导演: 是枝裕和 Hirokazu Koreeda   主演: 柳乐优弥 Yûya Yagira / 北浦爱...,135600人评价,9.1
怪兽电力公司,https://movie.douban.com/subject/1291579/,2001 / 美国 / 儿童 喜剧 动画 奇幻 冒险,导演: 彼特·道格特 Pete Docter / 大卫·斯沃曼 David Silverman   主演: 约...,367226人评价,8.7
电锯惊魂,https://movie.douban.com/subject/1417598/,2004 / 美国 / 悬疑 惊悚 恐怖,导演: 詹姆斯·温 James Wan   主演: 雷·沃纳尔 Leigh Whannell / 加利·艾...,290894人评价,8.7
玩具总动员3,https://movie.douban.com/subject/1858711/,2010 / 美国 / 喜剧 动画 奇幻 冒险,导演: 李·昂克里奇 Lee Unkrich   主演: 汤姆·汉克斯 Tom Hanks / 蒂姆·艾...,281876人评价,8.8
岁月神偷,https://movie.douban.com/subject/3792799/,2010 / 中国香港 中国大陆 / 剧情 家庭,导演: 罗启锐 Alex Law   主演: 吴君如 Sandra Ng / 任达华 Simon Yam / 钟绍...,396898人评价,8.7
血战钢锯岭,https://movie.douban.com/subject/26325320/,2016 / 美国 澳大利亚 / 剧情 传记 历史 战争,导演: 梅尔·吉布森 Mel Gibson   主演: 安德鲁·加菲尔德 Andrew Garfield /...,477320人评价,8.7
谍影重重3,https://movie.douban.com/subject/1578507/,2007 / 美国 德国 / 动作 悬疑 惊悚,导演: 保罗·格林格拉斯 Paul Greengrass   主演: 马特·达蒙 Matt Damon / ...,256992人评价,8.8
疯狂原始人,https://movie.douban.com/subject/1907966/,2013 / 美国 / 喜剧 动画 冒险,导演: 科克·德·米科 Kirk De Micco / 克里斯·桑德斯 Chris Sanders   主演...,523408人评价,8.7
英雄本色,https://movie.douban.com/subject/1297574/,1986 / 中国香港 / 剧情 动作 犯罪,导演: 吴宇森 John Woo   主演: 周润发 Yun-Fat Chow / 狄龙 Lung Ti / 张国...,280251人评价,8.7
七武士,https://movie.douban.com/subject/1295399/,1954 / 日本 / 动作 冒险 剧情,导演: 黑泽明 Akira Kurosawa   主演: 三船敏郎 Toshirô Mifune / 志村乔 ...,109707人评价,9.2
喜宴,https://movie.douban.com/subject/1303037/,1993 / 中国台湾 美国 / 剧情 喜剧 爱情 同性 家庭,导演: 李安 Ang Lee   主演: 赵文瑄 Winston Chao / 郎雄 Sihung Lung / 归亚...,196843人评价,8.9
萤火虫之墓,https://movie.douban.com/subject/1293318/,1988 / 日本 / 动画 剧情 战争,导演: 高畑勋 Isao Takahata   主演: 辰己努 / 白石绫乃 / 志乃原良子,274239人评价,8.7
东邪西毒,https://movie.douban.com/subject/1292328/,1994 / 中国香港 中国台湾 / 剧情 动作 爱情 武侠 古装,导演: 王家卫 Kar Wai Wong   主演: 张国荣 Leslie Cheung / 林青霞 Brigitte...,365642人评价,8.6
真爱至上,https://movie.douban.com/subject/1292401/,2003 / 英国 美国 法国 / 喜剧 剧情 爱情,导演: 理查德·柯蒂斯 Richard Curtis   主演: 休·格兰特 Hugh Grant / 柯林...,433099人评价,8.6
傲慢与偏见,https://movie.douban.com/subject/1418200/,2005 / 法国 英国 美国 / 剧情 爱情,导演: 乔·怀特 Joe Wright   主演: 凯拉·奈特莉 Keira Knightley / 马修·...,433987人评价,8.6
时空恋旅人,https://movie.douban.com/subject/10577869/,2013 / 英国 / 喜剧 爱情 奇幻,导演: 理查德·柯蒂斯 Richard Curtis   主演: 多姆纳尔·格里森 Domhnall Gl...,305976人评价,8.7
贫民窟的百万富翁,https://movie.douban.com/subject/2209573/,2008 / 英国 美国 / 剧情 爱情,导演: 丹尼·鲍尔 Danny Boyle / 洛芙琳·坦丹 Loveleen Tandan   主演: 戴夫...,500745人评价,8.6
指环王2：双塔奇兵,https://movie.douban.com/subject/1291572/,2002 / 美国 新西兰 / 剧情 动作 奇幻 冒险,导演: 彼得·杰克逊 Peter Jackson   主演: 伊利亚·伍德 Elijah Wood / 西恩...,408108人评价,9
教父2,https://movie.douban.com/subject/1299131/,1974 / 美国 / 剧情 犯罪,导演: 弗朗西斯·福特·科波拉 Francis Ford Coppola   主演: 阿尔·帕西诺 A...,294434人评价,9.2
狮子王,https://movie.douban.com/subject/1301753/,1994 / 美国 / 动画 冒险 歌舞,导演: Roger Allers / 罗伯·明可夫 Rob Minkoff   主演: 乔纳森·泰勒·托马...,446124人评价,9
指环王1：魔戒再现,https://movie.douban.com/subject/1291571/,2001 / 新西兰 美国 / 剧情 动作 奇幻 冒险,导演: 彼得·杰克逊 Peter Jackson   主演: 伊利亚·伍德 Elijah Wood / 西恩...,458139人评价,9
V字仇杀队,https://movie.douban.com/subject/1309046/,2005 / 美国 英国 德国 / 剧情 动作 科幻 惊悚,导演: 詹姆斯·麦克特格 James McTeigue   主演: 娜塔莉·波特曼 Natalie Por...,640492人评价,8.9
美丽心灵,https://movie.douban.com/subject/1306029/,2001 / 美国 / 传记 剧情,导演: 朗·霍华德 Ron Howard   主演: 罗素·克劳 Russell Crowe / 艾德·哈...,446811人评价,9
饮食男女,https://movie.douban.com/subject/1291818/,1994 / 中国台湾 美国 / 剧情 家庭,导演: 李安 Ang Lee   主演: 郎雄 Sihung Lung / 杨贵媚 Kuei-Mei Yang / 吴...,315975人评价,9.1
海豚湾,https://movie.douban.com/subject/3442220/,2009 / 美国 / 纪录片,导演: 路易·西霍尤斯 Louie Psihoyos   主演: Richard O'Barry / 路易·西霍...,248056人评价,9.3
何以为家,https://movie.douban.com/subject/30170448/,2018 / 黎巴嫩 法国 美国 / 剧情,导演: 娜丁·拉巴基 Nadine Labaki   主演: 扎因·拉费阿 Zain al-Rafeea / ...,366838人评价,9.1
情书,https://movie.douban.com/subject/1292220/,1995 / 日本 / 剧情 爱情,导演: 岩井俊二 Shunji Iwai   主演: 中山美穗 Miho Nakayama / 丰川悦司 Ets...,549015人评价,8.9
钢琴家,https://movie.douban.com/subject/1296736/,2002 / 法国 德国 英国 波兰 / 剧情 传记 历史 战争 音乐,导演: 罗曼·波兰斯基 Roman Polanski   主演: 艾德里安·布洛迪 Adrien Brod...,295703人评价,9.1
大闹天宫,https://movie.douban.com/subject/1418019/,1961(中国大陆) / 1964(中国大陆) / 1978(中国大陆) / 2004(中国大陆) / 中国大陆 / 动画 奇幻,导演: 万籁鸣 Laiming Wan / 唐澄 Cheng  Tang   主演: 邱岳峰 Yuefeng Qiu /...,193392人评价,9.3
哈利·波特与魔法石,https://movie.douban.com/subject/1295038/,2001 / 美国 英国 / 奇幻 冒险,导演: Chris Columbus   主演: Daniel Radcliffe / Emma Watson / Rupert Grint,474339人评价,8.9
本杰明·巴顿奇事,https://movie.douban.com/subject/1485260/,2008 / 美国 / 剧情 爱情 奇幻,导演: 大卫·芬奇 David Fincher   主演: 凯特·布兰切特 Cate Blanchett / ...,582528人评价,8.9
看不见的客人,https://movie.douban.com/subject/26580232/,2016 / 西班牙 / 剧情 犯罪 悬疑 惊悚,导演: 奥里奥尔·保罗 Oriol Paulo   主演: 马里奥·卡萨斯 Mario Casas / 阿...,643226人评价,8.8
黑客帝国,https://movie.douban.com/subject/1291843/,1999 / 美国 澳大利亚 / 动作 科幻,导演: 安迪·沃卓斯基 Andy Wachowski / 拉娜·沃卓斯基 Lana Wachowski   主...,439399人评价,8.9
西西里的美丽传说,https://movie.douban.com/subject/1292402/,2000 / 意大利 美国 / 剧情 战争 情色,导演: 朱塞佩·托纳多雷 Giuseppe Tornatore   主演: 莫妮卡·贝鲁奇 Monica ...,558478人评价,8.8
小鞋子,https://movie.douban.com/subject/1303021/,1997 / 伊朗 / 剧情 儿童 家庭,导演: 马基德·马基迪 Majid Majidi   主演: 法拉赫阿米尔·哈什米安 Amir Fa...,220884人评价,9.2
美国往事,https://movie.douban.com/subject/1292262/,1984 / 意大利 美国 / 犯罪 剧情,导演: 赛尔乔·莱翁内 Sergio Leone   主演: 罗伯特·德尼罗 Robert De Niro ...,250252人评价,9.2
让子弹飞,https://movie.douban.com/subject/3742360/,2010 / 中国大陆 中国香港 / 剧情 喜剧 动作 西部,导演: 姜文 Wen Jiang   主演: 姜文 Wen Jiang / 葛优 You Ge / 周润发 Yun-F...,946987人评价,8.8
拯救大兵瑞恩,https://movie.douban.com/subject/1292849/,1998 / 美国 / 剧情 历史 战争,导演: 史蒂文·斯皮尔伯格 Steven Spielberg   主演: 汤姆·汉克斯 Tom Hanks...,373634人评价,9
音乐之声,https://movie.douban.com/subject/1294408/,1965 / 美国 / 剧情 传记 爱情 歌舞,导演: 罗伯特·怀斯 Robert Wise   主演: 朱莉·安德鲁斯 Julie Andrews / 克...,344358人评价,9
猫鼠游戏,https://movie.douban.com/subject/1305487/,2002 / 美国 加拿大 / 传记 犯罪 剧情,导演: 史蒂文·斯皮尔伯格 Steven Spielberg   主演: 莱昂纳多·迪卡普里奥 L...,410678人评价,8.9
致命魔术,https://movie.douban.com/subject/1780330/,2006 / 美国 英国 / 剧情 悬疑 惊悚,导演: 克里斯托弗·诺兰 Christopher Nolan   主演: 休·杰克曼 Hugh Jackman...,502119人评价,8.8
七宗罪,https://movie.douban.com/subject/1292223/,1995 / 美国 / 剧情 犯罪 悬疑 惊悚,导演: 大卫·芬奇 David Fincher   主演: 摩根·弗里曼 Morgan Freeman / 布...,598030人评价,8.8
被嫌弃的松子的一生,https://movie.douban.com/subject/1787291/,2006 / 日本 / 剧情 歌舞,导演: 中岛哲也 Tetsuya Nakashima   主演: 中谷美纪 Miki Nakatani / 瑛太 E...,449837人评价,8.9
低俗小说,https://movie.douban.com/subject/1291832/,1994 / 美国 / 剧情 喜剧 犯罪,导演: 昆汀·塔伦蒂诺 Quentin Tarantino   主演: 约翰·特拉沃尔塔 John Tra...,499132人评价,8.8
沉默的羔羊,https://movie.douban.com/subject/1293544/,1991 / 美国 / 剧情 犯罪 惊悚,导演: 乔纳森·戴米 Jonathan Demme   主演: 朱迪·福斯特 Jodie Foster / 安...,501730人评价,8.8
蝴蝶效应,https://movie.douban.com/subject/1292343/,2004 / 美国 加拿大 / 剧情 悬疑 科幻 惊悚,导演: 埃里克·布雷斯 Eric Bress / J·麦基·格鲁伯 J. Mackye Gruber   主...,553395人评价,8.8
春光乍泄,https://movie.douban.com/subject/1292679/,1997 / 中国香港 日本 韩国 / 剧情 爱情 同性,导演: 王家卫 Kar Wai Wong   主演: 张国荣 Leslie Cheung / 梁朝伟 Tony Leu...,371226人评价,8.9
穿条纹睡衣的男孩,https://movie.douban.com/subject/3008247/,2008 / 英国 美国 / 剧情 战争,导演: 马克·赫尔曼 Mark Herman   主演: 阿萨·巴特菲尔德 Asa Butterfield ...,261048人评价,9
勇敢的心,https://movie.douban.com/subject/1294639/,1995 / 美国 / 动作 传记 剧情 历史 战争,导演: 梅尔·吉布森 Mel Gibson   主演: 梅尔·吉布森 Mel Gibson / 苏菲·玛...,390404人评价,8.9
天使爱美丽,https://movie.douban.com/subject/1292215/,2001 / 法国 德国 / 喜剧 爱情,导演: 让-皮埃尔·热内 Jean-Pierre Jeunet   主演: 奥黛丽·塔图 Audrey Tau...,662192人评价,8.7
剪刀手爱德华,https://movie.douban.com/subject/1292370/,1990 / 美国 / 剧情 奇幻 爱情,导演: 蒂姆·波顿 Tim Burton   主演: 约翰尼·德普 Johnny Depp / 薇诺娜·...,681100人评价,8.7
心灵捕手,https://movie.douban.com/subject/1292656/,1997 / 美国 / 剧情,导演: 格斯·范·桑特 Gus Van Sant   主演: 马特·达蒙 Matt Damon / 罗宾·...,406463人评价,8.8
禁闭岛,https://movie.douban.com/subject/2334904/,2010 / 美国 / 剧情 悬疑 惊悚,导演: Martin Scorsese   主演: 莱昂纳多·迪卡普里奥 Leonardo DiCaprio / ...,542675人评价,8.8
布达佩斯大饭店,https://movie.douban.com/subject/11525673/,2014 / 美国 德国 英国 / 剧情 喜剧 冒险,导演: 韦斯·安德森 Wes Anderson   主演: 拉尔夫·费因斯 Ralph Fiennes / ...,505560人评价,8.8
阿凡达,https://movie.douban.com/subject/1652587/,2009 / 美国 英国 / 动作 战争 科幻 冒险,导演: 詹姆斯·卡梅隆 James Cameron   主演: 萨姆·沃辛顿 Sam Worthington ...,794560人评价,8.7
入殓师,https://movie.douban.com/subject/2149806/,2008 / 日本 / 剧情,导演: 泷田洋二郎 Yôjirô Takita   主演: 本木雅弘 Masahiro Motoki / ...,403806人评价,8.8
幽灵公主,https://movie.douban.com/subject/1297359/,1997 / 日本 / 动画 奇幻 冒险,导演: 宫崎骏 Hayao Miyazaki   主演: 松田洋治 Yôji Matsuda / 石田百合...,338859人评价,8.9
加勒比海盗,https://movie.douban.com/subject/1298070/,2003 / 美国 / 动作 冒险 奇幻,导演: 戈尔·维宾斯基 Gore Verbinski   主演: 约翰尼·德普 Johnny Depp / ...,524248人评价,8.7
摩登时代,https://movie.douban.com/subject/1294371/,1936 / 美国 / 剧情 喜剧 爱情,导演: 查理·卓别林 Charles Chaplin   主演: 查理·卓别林 Charles Chaplin ...,150956人评价,9.3
致命ID,https://movie.douban.com/subject/1297192/,2003 / 美国 / 剧情 悬疑 惊悚,导演: James Mangold   主演: John Cusack / Ray Liotta / Amanda Peet,458955人评价,8.7
断背山,https://movie.douban.com/subject/1418834/,2005 / 美国 加拿大 / 剧情 爱情 同性 家庭,导演: 李安 Ang Lee   主演: 希斯·莱杰 Heath Ledger / 杰克·吉伦哈尔 Jake...,452107人评价,8.7
阳光灿烂的日子,https://movie.douban.com/subject/1291875/,1994 / 中国大陆 中国香港 / 剧情 爱情,导演: 姜文 Wen Jiang   主演: 夏雨 Yu Xia / 宁静 Jing Ning / 陶虹 Hong Tao,382351人评价,8.8
重庆森林,https://movie.douban.com/subject/1291999/,1994 / 中国香港 / 剧情 爱情,导演: 王家卫 Kar Wai Wong   主演: 林青霞 Brigitte Lin / 金城武 Takeshi K...,475492人评价,8.7
第六感,https://movie.douban.com/subject/1297630/,1999 / 美国 / 剧情 悬疑 惊悚,导演: M·奈特·沙马兰 M. Night Shyamalan   主演: 布鲁斯·威利斯 Bruce Wi...,328841人评价,8.8
狩猎,https://movie.douban.com/subject/6985810/,2012 / 丹麦 瑞典 / 剧情,导演: 托马斯·温特伯格 Thomas Vinterberg   主演: 麦斯·米科尔森 Mads Mik...,198559人评价,9.1
喜剧之王,https://movie.douban.com/subject/1302425/,1999 / 香港 / 喜剧 剧情 爱情,导演: 周星驰 Stephen Chow / 李力持 Lik-Chi Lee   主演: 周星驰 Stephen Ch...,519733人评价,8.7
玛丽和马克思,https://movie.douban.com/subject/3072124/,2009 / 澳大利亚 / 剧情 喜剧 动画,导演: 亚当·艾略特 Adam Elliot   主演: 托妮·科莱特 Toni Collette / 菲利...,291712人评价,8.9
雨中曲,https://movie.douban.com/subject/1293460/,1952 / 美国 / 喜剧 歌舞 爱情,导演: 斯坦利·多南 Stanley Donen / 吉恩·凯利 Gene Kelly   主演: 吉恩·...,125886人评价,9
未麻的部屋,https://movie.douban.com/subject/1395091/,1997 / 日本 / 动画 奇幻 惊悚,导演: 今敏 Satoshi Kon   主演: 岩男润子 Junko Iwao / 松本梨香 Rica Matsu...,149186人评价,8.9
模仿游戏,https://movie.douban.com/subject/10463953/,2014 / 英国 美国 / 剧情 传记 战争 同性,导演: 莫滕·泰杜姆 Morten Tyldum   主演: 本尼迪克特·康伯巴奇 Benedict C...,358205人评价,8.6
爆裂鼓手,https://movie.douban.com/subject/25773932/,2014 / 美国 / 剧情 音乐,导演: 达米恩·查泽雷 Damien Chazelle   主演: 迈尔斯·特勒 Miles Teller /...,326847人评价,8.7
一个叫欧维的男人决定去死,https://movie.douban.com/subject/26628357/,2015 / 瑞典 / 剧情,导演: 汉内斯·赫尔姆 Hannes Holm   主演: 罗夫·拉斯加德 Rolf Lassgård...,197910人评价,8.8
忠犬八公物语,https://movie.douban.com/subject/1959195/,1987 / 日本 / 剧情,导演: Seijirô Kôyama   主演: 山本圭 Kei Yamamoto / 井川比佐志 Hisa...,98139人评价,9.1
燃情岁月,https://movie.douban.com/subject/1295865/,1994 / 美国 / 剧情 爱情 战争 西部,导演: 爱德华·兹威克 Edward Zwick   主演: 布拉德·皮特 Brad Pitt / 安东...,186185人评价,8.8
人工智能,https://movie.douban.com/subject/1302827/,2001 / 美国 / 冒险 剧情 科幻,导演: 史蒂文·斯皮尔伯格 Steven Spielberg   主演: 海利·乔·奥斯蒙 Haley...,260675人评价,8.6
天书奇谭,https://movie.douban.com/subject/1428581/,1983(中国大陆) / 2019(中国大陆重映) / 中国大陆 / 动画 奇幻,导演: 王树忱 Shuchen Wang / 钱运达 Yunda Qian   主演: 丁建华 Jianhua Din...,93676人评价,9.2
房间,https://movie.douban.com/subject/25724855/,2015 / 爱尔兰 加拿大 英国 美国 / 剧情 家庭,导演: 伦尼·阿伯拉罕森 Lenny Abrahamson   主演: 布丽·拉尔森 Brie Larson...,231567人评价,8.8
魔女宅急便,https://movie.douban.com/subject/1307811/,1989 / 日本 / 动画 奇幻 冒险,导演: 宫崎骏 Hayao Miyazaki   主演: 高山南 Minami Takayama / 佐久间玲 Re...,283379人评价,8.6
穿越时空的少女,https://movie.douban.com/subject/1937946/,2006 / 日本 / 剧情 爱情 科幻 动画,导演: 细田守 Mamoru Hosoda   主演: 仲里依纱 Riisa Naka / 石田卓也 Takuya...,252145人评价,8.6
恐怖游轮,https://movie.douban.com/subject/3011051/,2009 / 英国 澳大利亚 / 剧情 悬疑 惊悚,导演: 克里斯托弗·史密斯 Christopher Smith   主演: 梅利莎·乔治 Melissa ...,463131人评价,8.4
黑客帝国3：矩阵革命,https://movie.douban.com/subject/1302467/,2003 / 美国 澳大利亚 / 动作 科幻,导演: Andy Wachowski / Larry Wachowski   主演: 基努·里维斯 Keanu Reeves...,228425人评价,8.7
海街日记,https://movie.douban.com/subject/25895901/,2015 / 日本 / 剧情 家庭,导演: 是枝裕和 Hirokazu Koreeda   主演: 绫濑遥 Haruka Ayase / 长泽雅美 M...,216755人评价,8.7
魂断蓝桥,https://movie.douban.com/subject/1293964/,1940 / 美国 / 剧情 爱情 战争,导演: 茂文·勒鲁瓦 Mervyn LeRoy   主演: 费雯·丽 Vivien Leigh / 罗伯特·...,165912人评价,8.8
猜火车,https://movie.douban.com/subject/1292528/,1996 / 英国 / 剧情 犯罪,导演: 丹尼·博伊尔 Danny Boyle   主演: 伊万·麦克格雷格 Ewan McGregor / ...,307873人评价,8.5
罗生门,https://movie.douban.com/subject/1291879/,1950 / 日本 / 犯罪 剧情 悬疑,导演: 黑泽明 Akira Kurosawa   主演: 三船敏郎 Toshirô Mifune / 千秋实 ...,176807人评价,8.8
完美陌生人,https://movie.douban.com/subject/26614893/,2016 / 意大利 / 剧情 喜剧,导演: 保罗·格诺维瑟 Paolo Genovese   主演: 马可·贾利尼 Marco Giallini ...,336450人评价,8.5
头号玩家,https://movie.douban.com/subject/4920389/,2018 / 美国 / 动作 科幻 冒险,导演: 史蒂文·斯皮尔伯格 Steven Spielberg   主演: 泰伊·谢里丹 Tye Sheri...,833474人评价,8.7
惊魂记,https://movie.douban.com/subject/1293181/,1960 / 美国 / 悬疑 惊悚 恐怖,导演: Alfred Hitchcock   主演: Janet Leigh / Anthony Perkins / Vera Miles,127782人评价,8.9
阿飞正传,https://movie.douban.com/subject/1305690/,1990 / 香港 / 犯罪 剧情 爱情,导演: 王家卫 Kar Wai Wong   主演: 张国荣 Leslie Cheung / 张曼玉 Maggie C...,298246人评价,8.5
香水,https://movie.douban.com/subject/1760622/,2006 / 德国 法国 西班牙 美国 / 剧情 犯罪 奇幻,导演: 汤姆·提克威 Tom Tykwer   主演: 本·卫肖 Ben Whishaw / 艾伦·瑞克...,364773人评价,8.5
功夫,https://movie.douban.com/subject/1291543/,2004 / 中国大陆 中国香港 / 动作 喜剧 犯罪 奇幻,导演: 周星驰 Stephen Chow   主演: 周星驰 Stephen Chow / 元秋 Qiu Yuen / ...,473498人评价,8.4
可可西里,https://movie.douban.com/subject/1308857/,2004 / 中国大陆 香港 / 剧情 犯罪,导演: 陆川 Chuan Lu   主演: 多布杰 Duobujie / 张磊 Lei Zhang / 亓亮 Qi L...,172352人评价,8.7
黑天鹅,https://movie.douban.com/subject/1978709/,2010 / 美国 / 剧情 惊悚,导演: 达伦·阿罗诺夫斯基 Darren Aronofsky   主演: 娜塔莉·波特曼 Natalie...,552738人评价,8.5
记忆碎片,https://movie.douban.com/subject/1304447/,2000 / 美国 / 犯罪 剧情 悬疑 惊悚,导演: 克里斯托弗·诺兰 Christopher Nolan   主演: 盖·皮尔斯 Guy Pearce /...,375962人评价,8.6
心迷宫,https://movie.douban.com/subject/25917973/,2014 / 中国大陆 / 剧情 犯罪 悬疑,导演: 忻钰坤 Yukun Xin   主演: 霍卫民 Weimin Huo / 王笑天 Xiaotian Wang ...,276956人评价,8.7
纵横四海,https://movie.douban.com/subject/1295409/,1991 / 中国香港 / 剧情 喜剧 动作 犯罪,导演: 吴宇森 John Woo   主演: 周润发 Yun-Fat Chow / 张国荣 Leslie Cheung...,229162人评价,8.8
教父3,https://movie.douban.com/subject/1294240/,1990 / 美国 / 剧情 犯罪,导演: 弗朗西斯·福特·科波拉 Francis Ford Coppola   主演: 阿尔·帕西诺 A...,193773人评价,8.8
荒蛮故事,https://movie.douban.com/subject/24750126/,2014 / 阿根廷 西班牙 / 剧情 喜剧 犯罪,导演: 达米安·斯兹弗隆 Damián Szifron   主演: 达里奥·葛兰帝内提 Darío...,226127人评价,8.8
完美的世界,https://movie.douban.com/subject/1300992/,1993 / 美国 / 剧情 犯罪,导演: 克林特·伊斯特伍德 Clint Eastwood   主演: 凯文·科斯特纳 Kevin Cos...,124407人评价,9.1
达拉斯买家俱乐部,https://movie.douban.com/subject/1793929/,2013 / 美国 / 剧情 传记 同性,导演: 让-马克·瓦雷 Jean-Marc Vallée   主演: 马修·麦康纳 Matthew McCon...,267002人评价,8.7
雨人,https://movie.douban.com/subject/1291870/,1988 / 美国 / 剧情,导演: 巴瑞·莱文森 Barry Levinson   主演: 达斯汀·霍夫曼 Dustin Hoffman ...,269152人评价,8.7
三块广告牌,https://movie.douban.com/subject/26611804/,2017 / 美国 英国 / 剧情 犯罪,导演: 马丁·麦克唐纳 Martin McDonagh   主演: 弗兰西斯·麦克多蒙德 France...,498434人评价,8.7
花样年华,https://movie.douban.com/subject/1291557/,2000 / 中国香港 / 剧情 爱情,导演: 王家卫 Kar Wai Wong   主演: 梁朝伟 Tony Leung Chiu Wai / 张曼玉 Ma...,339941人评价,8.6
被解救的姜戈,https://movie.douban.com/subject/6307447/,2012 / 美国 / 剧情 动作 西部 冒险,导演: 昆汀·塔伦蒂诺 Quentin Tarantino   主演: 杰米·福克斯 Jamie Foxx /...,361057人评价,8.7
卢旺达饭店,https://movie.douban.com/subject/1291822/,2004 / 英国 南非 意大利 美国 / 剧情 历史 战争,导演: 特瑞·乔治 Terry George   主演: 唐·钱德尔 Don Cheadle / 苏菲·奥...,162620人评价,8.9
你的名字。,https://movie.douban.com/subject/26683290/,2016 / 日本 / 剧情 爱情 动画,导演: 新海诚 Makoto Shinkai   主演: 神木隆之介 Ryûnosuke Kamiki / 上...,766902人评价,8.4
我是山姆,https://movie.douban.com/subject/1306861/,2001 / 美国 / 剧情 家庭,导演: 杰茜·尼尔森 Jessie Nelson   主演: Sean Penn / Dakota Fanning / Mi...,158205人评价,8.9
头脑特工队,https://movie.douban.com/subject/10533913/,2015 / 美国 / 喜剧 动画 冒险,导演: 彼特·道格特 Pete Docter / 罗纳尔多·德尔·卡门 Ronaldo Del Carmen  &nb...,343189人评价,8.7
海边的曼彻斯特,https://movie.douban.com/subject/25980443/,2016 / 美国 / 剧情 家庭,导演: 肯尼斯·罗纳根 Kenneth Lonergan   主演: 卡西·阿弗莱克 Casey Affle...,297232人评价,8.6
你看起来好像很好吃,https://movie.douban.com/subject/4848115/,2010 / 日本 / 剧情 动画 儿童,导演: 藤森雅也 Masaya Fujimori   主演: 山口胜平 Kappei Yamaguchi / 爱河...,204000人评价,8.8
哪吒闹海,https://movie.douban.com/subject/1307315/,1979 / 中国大陆 / 冒险 动画 奇幻,导演: 严定宪 Dingxian Yan / 王树忱 Shuchen Wang   主演: 梁正晖 Zhenghui ...,131952人评价,9
恋恋笔记本,https://movie.douban.com/subject/1309163/,2004 / 美国 / 剧情 爱情,导演: 尼克·卡索维茨 Nick Cassavetes   主演: 瑞恩·高斯林 Ryan Gosling /...,388689人评价,8.5
无敌破坏王,https://movie.douban.com/subject/6534248/,2012 / 美国 / 喜剧 动画 奇幻 冒险,导演: 瑞奇·莫尔 Rich Moore   主演: 约翰·C·赖利 John C. Reilly / 萨拉...,309849人评价,8.7
冰川时代,https://movie.douban.com/subject/1291578/,2002 / 美国 / 喜剧 动画 冒险,导演: 卡洛斯·沙尔丹哈 Carlos Saldanha / 克里斯·韦奇 Chris Wedge   主演...,382467人评价,8.5
二十二,https://movie.douban.com/subject/26430107/,2015 / 中国大陆 / 纪录片,导演: 郭柯 Ke Guo   主演:,171173人评价,8.7
虎口脱险,https://movie.douban.com/subject/1296909/,1966 / 法国 英国 / 喜剧 战争,导演: 杰拉尔·乌里 Gérard Oury   主演: 路易·德·菲耐斯 Louis de Funès...,142048人评价,8.9
海洋,https://movie.douban.com/subject/3443389/,2009 / 法国 瑞士 西班牙 美国 阿联酋 / 纪录片,导演: 雅克·贝汉 Jacques Perrin / 雅克·克鲁奥德 Jacques Cluzaud   主演:...,116965人评价,9.1
谍影重重2,https://movie.douban.com/subject/1308767/,2004 / 美国 德国 / 动作 悬疑 惊悚,导演: 保罗·格林格拉斯 Paul Greengrass   主演: 马特·达蒙 Matt Damon / ...,220550人评价,8.6
朗读者,https://movie.douban.com/subject/2213597/,2008 / 美国 德国 / 剧情 爱情,导演: 史蒂芬·戴德利 Stephen Daldry   主演: 凯特·温丝莱特 Kate Winslet ...,334883人评价,8.5
牯岭街少年杀人事件,https://movie.douban.com/subject/1292329/,1991 / 中国台湾 / 剧情 犯罪,导演: 杨德昌 Edward Yang   主演: 张震 Chen Chang / 杨静怡 Lisa Yang / 张...,150701人评价,8.8
浪潮,https://movie.douban.com/subject/2297265/,2008 / 德国 / 剧情 惊悚,导演: 丹尼斯·甘塞尔 Dennis Gansel   主演: 尤尔根·沃格尔 Jürgen Vogel ...,174468人评价,8.7
谍影重重,https://movie.douban.com/subject/1304102/,2002 / 美国 德国 捷克 / 动作 悬疑 惊悚,导演: 道格·里曼 Doug Liman   主演: 马特·达蒙 Matt Damon / 弗兰卡·波坦...,262808人评价,8.6
战争之王,https://movie.douban.com/subject/1419936/,2005 / 美国 法国 / 剧情 犯罪,导演: 安德鲁·尼科尔 Andrew Niccol   主演: 尼古拉斯·凯奇 Nicolas Cage /...,226503人评价,8.6
疯狂的石头,https://movie.douban.com/subject/1862151/,2006 / 中国大陆 香港 / 喜剧 犯罪,导演: 宁浩 Hao Ning   主演: 郭涛 Tao Guo / 刘桦 Hua Liu / 连晋 Teddy Lin,456187人评价,8.4
地球上的星星,https://movie.douban.com/subject/2363506/,2007 / 印度 / 剧情 儿童 家庭,导演: 阿米尔·汗 Aamir Khan   主演: 达席尔·萨法瑞 Darsheel Safary / 阿...,121967人评价,8.9
初恋这件小事,https://movie.douban.com/subject/4739952/,2010 / 泰国 / 剧情 喜剧 爱情,导演: 普特鹏·普罗萨卡·那·萨克那卡林 Puttipong Promsaka Na Sakolnakorn / 华森·波克彭...,639153人评价,8.3
青蛇,https://movie.douban.com/subject/1303394/,1993 / 香港 / 剧情 爱情 奇幻 古装,导演: 徐克 Hark Tsui   主演: 张曼玉 Maggie Cheung / 王祖贤 Joey Wang / ...,306219人评价,8.5
终结者2：审判日,https://movie.douban.com/subject/1291844/,1991 / 美国 法国 / 动作 科幻,导演: 詹姆斯·卡梅隆 James Cameron   主演: 阿诺·施瓦辛格 Arnold Schwarz...,200554人评价,8.6
爱在午夜降临前,https://movie.douban.com/subject/10808442/,2013 / 美国 希腊 / 剧情 爱情,导演: 理查德·林克莱特 Richard Linklater   主演: 伊桑·霍克 Ethan Hawke ...,168790人评价,8.8
源代码,https://movie.douban.com/subject/3075287/,2011 / 美国 加拿大 / 科幻 悬疑 惊悚,导演: 邓肯·琼斯 Duncan Jones   主演: 杰克·吉伦哈尔 Jake Gyllenhaal / ...,523257人评价,8.4
新龙门客栈,https://movie.douban.com/subject/1292287/,1992 / 中国香港 中国大陆 / 动作 爱情 武侠 古装,导演: 李惠民 Raymond Lee   主演: 张曼玉 Maggie Cheung / 林青霞 Brigitte ...,260498人评价,8.5
步履不停,https://movie.douban.com/subject/2222996/,2008 / 日本 / 剧情 家庭,导演: 是枝裕和 Hirokazu Koreeda   主演: 阿部宽 Hiroshi Abe / 夏川结衣 Yu...,141222人评价,8.8
奇迹男孩,https://movie.douban.com/subject/26787574/,2017 / 美国 中国香港 / 剧情 儿童 家庭,导演: 斯蒂芬·卓博斯基 Stephen Chbosky   主演: 雅各布·特伦布莱 Jacob Tr...,327005人评价,8.6
小萝莉的猴神大叔,https://movie.douban.com/subject/26393561/,2015 / 印度 / 剧情 喜剧 动作,导演: 卡比尔·汗 Kabir Khan   主演: 萨尔曼·汗 Salman Khan / 哈莎莉·马...,275031人评价,8.5
无耻混蛋,https://movie.douban.com/subject/1438652/,2009 / 美国 德国 / 剧情 犯罪,导演: Quentin Tarantino   主演: 布拉德·皮特 Brad Pitt / 梅拉尼·罗兰 M...,296457人评价,8.5
一次别离,https://movie.douban.com/subject/5964718/,2011 / 伊朗 法国 / 剧情 家庭,导演: 阿斯哈·法哈蒂  Asghar Farhadi   主演: 佩曼·莫阿迪 Peyman Moadi /...,169256人评价,8.7
追随,https://movie.douban.com/subject/1397546/,1998 / 英国 / 犯罪 悬疑 惊悚,导演: 克里斯托弗·诺兰 Christopher Nolan   主演: 杰里米·西奥伯德 Jeremy...,109158人评价,8.9
再次出发之纽约遇见你,https://movie.douban.com/subject/6874403/,2013 / 美国 / 喜剧 爱情 音乐,导演: 约翰·卡尼 John Carney   主演: 凯拉·奈特莉 Keira Knightley / 马克...,247458人评价,8.5
釜山行,https://movie.douban.com/subject/25986180/,2016 / 韩国 / 动作 惊悚 灾难,导演: 延尚昊 Sang-ho Yeon   主演: 孔侑 Yoo Gong / 郑有美 Yu-mi Jung / 马...,571632人评价,8.4
血钻,https://movie.douban.com/subject/1428175/,2006 / 美国 德国 / 剧情 惊悚 冒险,导演: 爱德华·兹威克 Edward Zwick   主演: 莱昂纳多·迪卡普里奥 Leonardo ...,198320人评价,8.6
彗星来的那一夜,https://movie.douban.com/subject/25807345/,2013 / 美国 英国 / 科幻 悬疑 惊悚,导演: 詹姆斯·沃德·布柯特 James Ward Byrkit   主演: 艾米丽·芭尔多尼 Em...,279240人评价,8.5
新世界,https://movie.douban.com/subject/10437779/,2013 / 韩国 / 剧情 犯罪,导演: 朴勋政 Hoon-jung Park   主演: 李政宰 Jung-Jae Lee / 崔岷植 Min-sik...,152771人评价,8.7
城市之光,https://movie.douban.com/subject/1293908/,1931 / 美国 / 喜剧 剧情 爱情,导演: Charles Chaplin   主演: 查理·卓别林 Charles Chaplin / 弗吉尼亚·...,65738人评价,9.3
东京物语,https://movie.douban.com/subject/1291568/,1953 / 日本 / 剧情 家庭,导演: 小津安二郎 Yasujirô Ozu   主演: 笠智众 Chishû Ryû / 原节...,73526人评价,9.2
2001太空漫游,https://movie.douban.com/subject/1292226/,1968 / 英国 美国 / 科幻 惊悚 冒险,导演: 斯坦利·库布里克 Stanley Kubrick   主演: 凯尔·杜拉 Keir Dullea / ...,151045人评价,8.7
撞车,https://movie.douban.com/subject/1388216/,2004 / 美国 德国 / 犯罪 剧情,导演: 保罗·哈吉斯 Paul Haggis   主演: 桑德拉·布洛克 Sandra Bullock / ...,220357人评价,8.6
绿里奇迹,https://movie.douban.com/subject/1300374/,1999 / 美国 / 犯罪 剧情 奇幻 悬疑,导演: Frank Darabont   主演: 汤姆·汉克斯 Tom Hanks / 大卫·摩斯 David M...,146691人评价,8.7
梦之安魂曲,https://movie.douban.com/subject/1292270/,2000 / 美国 / 剧情,导演: 达伦·阿伦诺夫斯基 Darren Aronofsky   主演: 艾伦·伯斯汀 Ellen Bur...,145564人评价,8.7
疯狂的麦克斯4：狂暴之路,https://movie.douban.com/subject/3592854/,2015 / 澳大利亚 美国 / 动作 科幻 冒险,导演: 乔治·米勒 George Miller   主演: 汤姆·哈迪 Tom Hardy / 查理兹·塞...,299489人评价,8.6
聚焦,https://movie.douban.com/subject/25954475/,2015 / 美国 / 剧情 传记,导演: 托马斯·麦卡锡 Thomas McCarthy   主演: 马克·鲁弗洛 Mark Ruffalo /...,173880人评价,8.8
E.T. 外星人,https://movie.douban.com/subject/1294638/,1982 / 美国 / 剧情 科幻,导演: 史蒂文·斯皮尔伯格 Steven Spielberg   主演: 亨利·托马斯 Henry Tho...,212788人评价,8.6
黑鹰坠落,https://movie.douban.com/subject/1291824/,2001 / 美国 / 动作 历史 战争,导演: 雷德利·斯科特 Ridley Scott   主演: 乔什·哈奈特 Josh Hartnett / ...,171018人评价,8.6
这个男人来自地球,https://movie.douban.com/subject/2300586/,2007 / 美国 / 剧情 科幻,导演: 理查德·沙因克曼 Richard Schenkman   主演: 大卫·李·史密斯 David ...,246375人评价,8.5
末路狂花,https://movie.douban.com/subject/1291992/,1991 / 美国 法国 / 犯罪 剧情 惊悚,导演: 雷德利·斯科特 Ridley Scott   主演: 吉娜·戴维斯 Geena Davis / 苏...,138937人评价,8.7
遗愿清单,https://movie.douban.com/subject/1867345/,2007 / 美国 / 冒险 喜剧 剧情,导演: 罗伯·莱纳 Rob Reiner   主演: 杰克·尼科尔森 Jack Nicholson / 摩根...,193393人评价,8.6
发条橙,https://movie.douban.com/subject/1292233/,1971 / 英国 美国 / 犯罪 剧情 科幻,导演: Stanley Kubrick   主演: Malcolm McDowell / Patrick Magee / Michael...,239344人评价,8.5
变脸,https://movie.douban.com/subject/1292659/,1997 / 美国 / 动作 科幻 犯罪 惊悚,导演: 吴宇森 John Woo   主演: 约翰·特拉沃尔塔 John Travolta / 尼古拉斯...,274184人评价,8.4
勇闯夺命岛,https://movie.douban.com/subject/1292728/,1996 / 美国 / 动作 冒险,导演: 迈克尔·贝 Michael Bay   主演: 肖恩·康纳利 Sean Connery / 尼古拉...,183290人评价,8.6
国王的演讲,https://movie.douban.com/subject/4023638/,2010 / 英国 澳大利亚 美国 / 剧情 传记 历史,导演: 汤姆·霍珀 Tom Hooper   主演: 柯林·菲尔斯 Colin Firth / 杰弗里·...,438382人评价,8.4
我爱你,https://movie.douban.com/subject/5908478/,2011 / 韩国 / 剧情 爱情,导演: 秋昌民 Chang-min Choo   主演: 宋在河 Jae-ho Song / 李顺载 Soon-jae...,85406人评价,9
千钧一发,https://movie.douban.com/subject/1300117/,1997 / 美国 / 剧情 科幻 惊悚,导演: 安德鲁·尼科尔 Andrew Niccol   主演: 伊桑·霍克 Ethan Hawke / 乌玛...,132591人评价,8.7
黄金三镖客,https://movie.douban.com/subject/1401118/,1966 / 意大利 西班牙 西德 / 冒险 西部,导演: Sergio Leone   主演: Clint Eastwood / Eli Wallach / Lee Van Cleef,71596人评价,9.1
非常嫌疑犯,https://movie.douban.com/subject/1292214/,1995 / 德国 美国 / 剧情 犯罪 悬疑 惊悚,导演: 布莱恩·辛格 Bryan Singer   主演: 史蒂芬·鲍德温 Stephen Baldwin /...,164531人评价,8.6
秒速5厘米,https://movie.douban.com/subject/2043546/,2007 / 日本 / 动画 剧情 爱情,导演: 新海诚 Makoto Shinkai   主演: 水桥研二 Kenji Mizuhashi / 近藤好美 ...,416114人评价,8.3
驴得水,https://movie.douban.com/subject/25921812/,2016 / 中国大陆 / 剧情 喜剧,导演: 周申 Shen Zhou / 刘露 Lu Liu   主演: 任素汐 Suxi Ren / 大力 Da Li ...,508342人评价,8.3
哈利·波特与密室,https://movie.douban.com/subject/1296996/,2002 / 美国 英国 德国 / 奇幻 冒险,导演: Chris Columbus   主演: 丹尼尔·雷德克里夫 Daniel Radcliffe / 艾玛...,282880人评价,8.4
哈利·波特与阿兹卡班的囚徒,https://movie.douban.com/subject/1291544/,2004 / 英国 美国 / 剧情 奇幻 冒险,导演: Alfonso Cuarón   主演: 丹尼尔·雷德克里夫 Daniel Radcliffe / Emma...,263740人评价,8.5
